date,ticker,flow_usd
2026-01-02,AGG,-8279999.999999999
2026-01-05,AGG,-49700000.0
2026-01-06,AGG,24870000.0
2026-01-07,AGG,-74600000.0
2026-01-08,AGG,165760000.0
2026-01-09,AGG,-99420000.0
2026-01-12,AGG,99370000.0
2026-01-13,AGG,0.0
2026-01-14,AGG,-74560000.0
2026-01-15,AGG,0.0
2026-01-16,AGG,215290000.0
2026-01-19,AGG,0.0
2026-01-20,AGG,33110000.0
2026-01-21,AGG,-115910000.0
2026-01-22,AGG,339540000.0
2026-01-23,AGG,339450000.0
2026-01-26,AGG,0.0
2026-01-27,AGG,24860000.0
2026-01-28,AGG,-33150000.0
2026-01-29,AGG,-132620000.0
2026-01-30,AGG,-66340000.0
2026-02-02,AGG,-74670000.0
2026-02-03,AGG,8270000.0
2026-02-04,AGG,0.0
2026-02-05,AGG,0.0
2026-02-06,AGG,140860000.0
2026-02-09,AGG,33130000.000000004
2026-02-10,AGG,306600000.0
2026-02-11,AGG,149260000.0
2026-02-12,AGG,74560000.0
2026-02-13,AGG,-8289999.999999999
2026-02-16,AGG,0.0
2026-02-17,AGG,-24910000.0
2026-02-18,AGG,74710000.0
2026-02-19,AGG,0.0
2026-02-20,AGG,-33190000.0
2026-02-23,AGG,0.0
2026-02-24,AGG,24920000.0
2026-02-25,AGG,-16610000.0
2026-02-26,AGG,0.0
2026-02-27,AGG,-49840000.0
2026-03-02,AGG,249480000.0
2026-03-03,AGG,-57970000.0
2026-03-04,AGG,-74510000.0
2026-03-05,AGG,-297820000.0
2026-03-06,AGG,115760000.0
2026-03-09,AGG,-74440000.0
2026-03-10,AGG,0.0
2026-03-11,AGG,115790000.0
2026-03-12,AGG,0.0
2026-03-13,AGG,-66000000.0
2026-03-16,AGG,-156790000.0
2026-03-17,AGG,115670000.0
2026-03-18,AGG,0.0
2026-03-19,AGG,-33000000.0
2026-03-20,AGG,74220000.0
2026-03-23,AGG,49380000.0
2026-03-24,AGG,107130000.0
2026-03-25,AGG,-107000000.0
2026-03-26,AGG,-82390000.0
2026-03-27,AGG,74010000.0
2026-03-30,AGG,0.0
2026-03-31,AGG,-198669998.1689453
2026-01-02,ARKK,0.0
2026-01-05,ARKK,-188530000.0
2026-01-06,ARKK,-67140000.0
2026-01-07,ARKK,0.0
2026-01-08,ARKK,0.0
2026-01-09,ARKK,41700000.0
2026-01-12,ARKK,-67700000.0
2026-01-13,ARKK,0.0
2026-01-14,ARKK,0.0
2026-01-15,ARKK,95410000.0
2026-01-16,ARKK,95500000.0
2026-01-19,ARKK,0.0
2026-01-20,ARKK,173640000.0
2026-01-21,ARKK,0.0
2026-01-22,ARKK,0.0
2026-01-23,ARKK,63690000.0
2026-01-26,ARKK,0.0
2026-01-27,ARKK,0.0
2026-01-28,ARKK,0.0
2026-01-29,ARKK,0.0
2026-01-30,ARKK,595350000.0
2026-02-02,ARKK,0.0
2026-02-03,ARKK,-75450000.0
2026-02-04,ARKK,500310000.0
2026-02-05,ARKK,0.0
2026-02-06,ARKK,0.0
2026-02-09,ARKK,-177000000.0
2026-02-10,ARKK,0.0
2026-02-11,ARKK,66300000.0
2026-02-12,ARKK,57360000.0
2026-02-13,ARKK,0.0
2026-02-16,ARKK,0.0
2026-02-17,ARKK,0.0
2026-02-18,ARKK,0.0
2026-02-19,ARKK,-65930000.00000001
2026-02-20,ARKK,0.0
2026-02-23,ARKK,-76100000.0
2026-02-24,ARKK,0.0
2026-02-25,ARKK,0.0
2026-02-26,ARKK,0.0
2026-02-27,ARKK,0.0
2026-03-02,ARKK,49160000.0
2026-03-03,ARKK,-120040000.0
2026-03-04,ARKK,-56850000.0
2026-03-05,ARKK,0.0
2026-03-06,ARKK,-696580000.0
2026-03-09,ARKK,-28960000.0
2026-03-10,ARKK,0.0
2026-03-11,ARKK,0.0
2026-03-12,ARKK,0.0
2026-03-13,ARKK,-1139410000.0
2026-03-16,ARKK,-227880000.0
2026-03-17,ARKK,-554660000.0
2026-03-18,ARKK,-387160000.0
2026-03-19,ARKK,-329980000.0
2026-03-20,ARKK,-64940000.0
2026-03-23,ARKK,-214680000.0
2026-03-24,ARKK,-222760000.0
2026-03-25,ARKK,0.0
2026-03-26,ARKK,0.0
2026-03-27,ARKK,50320000.0
2026-03-30,ARKK,0.0
2026-03-31,ARKK,0.0
2026-01-02,BKLN,0.0
2026-01-05,BKLN,8390000.0
2026-01-06,BKLN,67150000.0
2026-01-07,BKLN,60900000.0
2026-01-08,BKLN,44110000.0
2026-01-09,BKLN,243740000.0
2026-01-12,BKLN,92480000.0
2026-01-13,BKLN,132470000.0
2026-01-14,BKLN,86240000.0
2026-01-15,BKLN,67310000.0
2026-01-16,BKLN,86260000.0
2026-01-19,BKLN,0.0
2026-01-20,BKLN,35770000.0
2026-01-21,BKLN,39760000.0
2026-01-22,BKLN,43940000.0
2026-01-23,BKLN,14650000.0
2026-01-26,BKLN,22990000.0
2026-01-27,BKLN,-58480000.0
2026-01-28,BKLN,-146020000.0
2026-01-29,BKLN,-25000000.0
2026-01-30,BKLN,-74770000.0
2026-02-02,BKLN,-99600000.0
2026-02-03,BKLN,-2080000.0
2026-02-04,BKLN,-120460000.0
2026-02-05,BKLN,-47570000.0
2026-02-06,BKLN,0.0
2026-02-09,BKLN,2070000.0
2026-02-10,BKLN,0.0
2026-02-11,BKLN,-26920000.0
2026-02-12,BKLN,0.0
2026-02-13,BKLN,-18630000.0
2026-02-16,BKLN,0.0
2026-02-17,BKLN,-51730000.0
2026-02-18,BKLN,-55880000.0
2026-02-19,BKLN,2070000.0
2026-02-20,BKLN,-60020000.0
2026-02-23,BKLN,-146860000.0
2026-02-24,BKLN,-151800000.0
2026-02-25,BKLN,-273290000.0
2026-02-26,BKLN,124460000.0
2026-02-27,BKLN,8170000.0
2026-03-02,BKLN,-130250000.0
2026-03-03,BKLN,-113780000.0
2026-03-04,BKLN,-154210000.0
2026-03-05,BKLN,51090000.0
2026-03-06,BKLN,-114620000.0
2026-03-09,BKLN,-128820000.0
2026-03-10,BKLN,38880000.0
2026-03-11,BKLN,10290000.0
2026-03-12,BKLN,-107040000.0
2026-03-13,BKLN,-63710000.0
2026-03-16,BKLN,-43140000.0
2026-03-17,BKLN,43160000.0
2026-03-18,BKLN,26730000.0
2026-03-19,BKLN,28790000.0
2026-03-20,BKLN,28750000.0
2026-03-23,BKLN,10270000.0
2026-03-24,BKLN,36820000.0
2026-03-25,BKLN,96120000.0
2026-03-26,BKLN,120840000.0
2026-03-27,BKLN,90050000.0
2026-03-30,BKLN,0.0
2026-03-31,BKLN,0.0
2026-01-02,BND,64849999.99999999
2026-01-05,BND,1400000.0
2026-01-06,BND,2830000.0
2026-01-07,BND,2040000.0
2026-01-08,BND,2730000.0
2026-01-09,BND,1320000.0
2026-01-12,BND,500000.0
2026-01-13,BND,900000.0
2026-01-14,BND,6350000.0
2026-01-15,BND,850000.0
2026-01-16,BND,303720000.0
2026-01-19,BND,0.0
2026-01-20,BND,168690000.0
2026-01-21,BND,521140000.0
2026-01-22,BND,508710000.0
2026-01-23,BND,305420000.0
2026-01-26,BND,90880000.0
2026-01-27,BND,57870000.0
2026-01-28,BND,350000.0
2026-01-29,BND,100000.0
2026-01-30,BND,1270000.0
2026-02-02,BND,400000.0
2026-02-03,BND,830000.0
2026-02-04,BND,4940000.0
2026-02-05,BND,1410000.0
2026-02-06,BND,160000.0
2026-02-09,BND,490000.0
2026-02-10,BND,1310000.0
2026-02-11,BND,380000.0
2026-02-12,BND,480000.0
2026-02-13,BND,292240000.0
2026-02-16,BND,0.0
2026-02-17,BND,1080000.0
2026-02-18,BND,347790000.0
2026-02-19,BND,289550000.0
2026-02-20,BND,310800000.0
2026-02-23,BND,106940000.0
2026-02-24,BND,348810000.0
2026-02-25,BND,950000.0
2026-02-26,BND,212380000.0
2026-02-27,BND,1050000.0
2026-03-02,BND,1340000.0
2026-03-03,BND,610000.0
2026-03-04,BND,400000.0
2026-03-05,BND,1520000.0
2026-03-06,BND,60000.0
2026-03-09,BND,2390000.0
2026-03-10,BND,630000.0
2026-03-11,BND,260000.0
2026-03-12,BND,270000.0
2026-03-13,BND,470000.0
2026-03-16,BND,1460000.0
2026-03-17,BND,860000.0
2026-03-18,BND,1050000.0
2026-03-19,BND,930000.0
2026-03-20,BND,590000.0
2026-03-23,BND,4510000.0
2026-03-24,BND,500000.0
2026-03-25,BND,280000.0
2026-03-26,BND,580000.0
2026-03-27,BND,390000.0
2026-03-30,BND,0.0
2026-03-31,BND,0.0
2026-01-02,DIA,96100000.0
2026-01-05,DIA,-290240000.0
2026-01-06,DIA,1689400000.0
2026-01-07,DIA,-1508590000.0
2026-01-08,DIA,171490000.0
2026-01-09,DIA,-344860000.0
2026-01-12,DIA,-222760000.0
2026-01-13,DIA,24800000.0
2026-01-14,DIA,-196780000.0
2026-01-15,DIA,-294910000.0
2026-01-16,DIA,-271950000.0
2026-01-19,DIA,0.0
2026-01-20,DIA,1184230000.0
2026-01-21,DIA,-193930000.0
2026-01-22,DIA,147210000.0
2026-01-23,DIA,271570000.0
2026-01-26,DIA,-1865680000.0
2026-01-27,DIA,-98820000.0
2026-01-28,DIA,122500000.0
2026-01-29,DIA,-147040000.0
2026-01-30,DIA,24530000.0
2026-02-02,DIA,-391110000.0
2026-02-03,DIA,197620000.0
2026-02-04,DIA,-73860000.0
2026-02-05,DIA,123740000.0
2026-02-06,DIA,-366780000.0
2026-02-09,DIA,1854080000.0
2026-02-10,DIA,150400000.0
2026-02-11,DIA,-250990000.0
2026-02-12,DIA,-225590000.0
2026-02-13,DIA,-222580000.0
2026-02-16,DIA,0.0
2026-02-17,DIA,-247650000.0
2026-02-18,DIA,-173510000.0
2026-02-19,DIA,0.0
2026-02-20,DIA,-766330000.0
2026-02-23,DIA,-24800000.0
2026-02-24,DIA,536660000.0
2026-02-25,DIA,762070000.0
2026-02-26,DIA,-346310000.0
2026-02-27,DIA,148470000.0
2026-03-02,DIA,0.0
2026-03-03,DIA,-122340000.0
2026-03-04,DIA,-436910000.0
2026-03-05,DIA,609790000.0
2026-03-06,DIA,-479990000.0
2026-03-09,DIA,47540000.0
2026-03-10,DIA,788660000.0
2026-03-11,DIA,-429930000.0
2026-03-12,DIA,23740000.0
2026-03-13,DIA,70130000.0
2026-03-16,DIA,489710000.0
2026-03-17,DIA,-681960000.0
2026-03-18,DIA,-164770000.0
2026-03-19,DIA,-92620000.0
2026-03-20,DIA,-138320000.0
2026-03-23,DIA,979630000.0
2026-03-24,DIA,-392650000.0
2026-03-25,DIA,-253610000.0
2026-03-26,DIA,69620000.0
2026-03-27,DIA,-114860000.0
2026-03-30,DIA,-113014999.38964844
2026-03-31,DIA,0.0
2026-01-02,EEM,0.0
2026-01-05,EEM,0.0
2026-01-06,EEM,352710000.0
2026-01-07,EEM,0.0
2026-01-08,EEM,0.0
2026-01-09,EEM,0.0
2026-01-12,EEM,0.0
2026-01-13,EEM,0.0
2026-01-14,EEM,0.0
2026-01-15,EEM,0.0
2026-01-16,EEM,0.0
2026-01-19,EEM,0.0
2026-01-20,EEM,0.0
2026-01-21,EEM,0.0
2026-01-22,EEM,0.0
2026-01-23,EEM,0.0
2026-01-26,EEM,0.0
2026-01-27,EEM,0.0
2026-01-28,EEM,0.0
2026-01-29,EEM,0.0
2026-01-30,EEM,0.0
2026-02-02,EEM,0.0
2026-02-03,EEM,0.0
2026-02-04,EEM,0.0
2026-02-05,EEM,0.0
2026-02-06,EEM,0.0
2026-02-09,EEM,0.0
2026-02-10,EEM,0.0
2026-02-11,EEM,0.0
2026-02-12,EEM,0.0
2026-02-13,EEM,0.0
2026-02-16,EEM,0.0
2026-02-17,EEM,0.0
2026-02-18,EEM,0.0
2026-02-19,EEM,0.0
2026-02-20,EEM,0.0
2026-02-23,EEM,0.0
2026-02-24,EEM,0.0
2026-02-25,EEM,0.0
2026-02-26,EEM,0.0
2026-02-27,EEM,0.0
2026-03-02,EEM,0.0
2026-03-03,EEM,0.0
2026-03-04,EEM,0.0
2026-03-05,EEM,0.0
2026-03-06,EEM,0.0
2026-03-09,EEM,0.0
2026-03-10,EEM,0.0
2026-03-11,EEM,0.0
2026-03-12,EEM,0.0
2026-03-13,EEM,0.0
2026-03-16,EEM,0.0
2026-03-17,EEM,0.0
2026-03-18,EEM,0.0
2026-03-19,EEM,0.0
2026-03-20,EEM,0.0
2026-03-23,EEM,0.0
2026-03-24,EEM,0.0
2026-03-25,EEM,0.0
2026-03-26,EEM,0.0
2026-03-27,EEM,0.0
2026-03-30,EEM,0.0
2026-03-31,EEM,0.0
2026-01-02,EFA,0.0
2026-01-05,EFA,0.0
2026-01-06,EFA,0.0
2026-01-07,EFA,565000000.0
2026-01-08,EFA,0.0
2026-01-09,EFA,0.0
2026-01-12,EFA,0.0
2026-01-13,EFA,363570000.0
2026-01-14,EFA,336490000.0
2026-01-15,EFA,129460000.0
2026-01-16,EFA,0.0
2026-01-19,EFA,0.0
2026-01-20,EFA,1039750000.0
2026-01-21,EFA,0.0
2026-01-22,EFA,0.0
2026-01-23,EFA,0.0
2026-01-26,EFA,0.0
2026-01-27,EFA,0.0
2026-01-28,EFA,916370000.0
2026-01-29,EFA,708450000.0
2026-01-30,EFA,54290000.0
2026-02-02,EFA,159640000.0
2026-02-03,EFA,0.0
2026-02-04,EFA,0.0
2026-02-05,EFA,0.0
2026-02-06,EFA,0.0
2026-02-09,EFA,0.0
2026-02-10,EFA,0.0
2026-02-11,EFA,0.0
2026-02-12,EFA,0.0
2026-02-13,EFA,0.0
2026-02-16,EFA,0.0
2026-02-17,EFA,0.0
2026-02-18,EFA,0.0
2026-02-19,EFA,0.0
2026-02-20,EFA,0.0
2026-02-23,EFA,0.0
2026-02-24,EFA,332920000.0
2026-02-25,EFA,506400000.0
2026-02-26,EFA,0.0
2026-02-27,EFA,649020000.0
2026-03-02,EFA,84350000.0
2026-03-03,EFA,0.0
2026-03-04,EFA,0.0
2026-03-05,EFA,0.0
2026-03-06,EFA,0.0
2026-03-09,EFA,0.0
2026-03-10,EFA,0.0
2026-03-11,EFA,0.0
2026-03-12,EFA,0.0
2026-03-13,EFA,0.0
2026-03-16,EFA,-154040000.0
2026-03-17,EFA,-709400000.0
2026-03-18,EFA,-317150000.0
2026-03-19,EFA,0.0
2026-03-20,EFA,0.0
2026-03-23,EFA,0.0
2026-03-24,EFA,-1024320000.0
2026-03-25,EFA,-76620000.0
2026-03-26,EFA,-77860000.0
2026-03-27,EFA,0.0
2026-03-30,EFA,0.0
2026-03-31,EFA,0.0
2026-01-02,EMB,0.0
2026-01-05,EMB,32960000.0
2026-01-06,EMB,-77070000.0
2026-01-07,EMB,165170000.0
2026-01-08,EMB,-286560000.0
2026-01-09,EMB,55000000.0
2026-01-12,EMB,33050000.0
2026-01-13,EMB,44050000.0
2026-01-14,EMB,77180000.0
2026-01-15,EMB,22080000.0
2026-01-16,EMB,55110000.0
2026-01-19,EMB,0.0
2026-01-20,EMB,11000000.0
2026-01-21,EMB,164540000.0
2026-01-22,EMB,-110070000.0
2026-01-23,EMB,-33000000.0
2026-01-26,EMB,-198410000.0
2026-01-27,EMB,0.0
2026-01-28,EMB,-44150000.0
2026-01-29,EMB,-22090000.0
2026-01-30,EMB,0.0
2026-02-02,EMB,11040000.0
2026-02-03,EMB,220290000.0
2026-02-04,EMB,0.0
2026-02-05,EMB,-55100000.0
2026-02-06,EMB,22110000.0
2026-02-09,EMB,-77410000.0
2026-02-10,EMB,55350000.0
2026-02-11,EMB,0.0
2026-02-12,EMB,0.0
2026-02-13,EMB,22240000.0
2026-02-16,EMB,0.0
2026-02-17,EMB,33400000.0
2026-02-18,EMB,33350000.0
2026-02-19,EMB,0.0
2026-02-20,EMB,0.0
2026-02-23,EMB,0.0
2026-02-24,EMB,100180000.0
2026-02-25,EMB,11130000.0
2026-02-26,EMB,-33400000.0
2026-02-27,EMB,0.0
2026-03-02,EMB,-22360000.0
2026-03-03,EMB,0.0
2026-03-04,EMB,66849999.99999999
2026-03-05,EMB,0.0
2026-03-06,EMB,-11120000.0
2026-03-09,EMB,0.0
2026-03-10,EMB,-33450000.000000004
2026-03-11,EMB,0.0
2026-03-12,EMB,55500000.0
2026-03-13,EMB,0.0
2026-03-16,EMB,-22120000.0
2026-03-17,EMB,-44380000.0
2026-03-18,EMB,0.0
2026-03-19,EMB,-22230000.0
2026-03-20,EMB,0.0
2026-03-23,EMB,33040000.0
2026-03-24,EMB,-22020000.0
2026-03-25,EMB,-87840000.0
2026-03-26,EMB,-110080000.0
2026-03-27,EMB,87780000.0
2026-03-30,EMB,0.0
2026-03-31,EMB,-84590998.07739258
2026-01-02,EWJ,322690000.0
2026-01-05,EWJ,0.0
2026-01-06,EWJ,1206810000.0
2026-01-07,EWJ,167830000.0
2026-01-08,EWJ,0.0
2026-01-09,EWJ,0.0
2026-01-12,EWJ,754600000.0
2026-01-13,EWJ,296840000.0
2026-01-14,EWJ,507360000.0
2026-01-15,EWJ,1311800000.0
2026-01-16,EWJ,383500000.0
2026-01-19,EWJ,0.0
2026-01-20,EWJ,0.0
2026-01-21,EWJ,716520000.0
2026-01-22,EWJ,638880000.0
2026-01-23,EWJ,559790000.0
2026-01-26,EWJ,301950000.0
2026-01-27,EWJ,260270000.0
2026-01-28,EWJ,440520000.0
2026-01-29,EWJ,579100000.0
2026-01-30,EWJ,399430000.0
2026-02-02,EWJ,392110000.0
2026-02-03,EWJ,173760000.0
2026-02-04,EWJ,0.0
2026-02-05,EWJ,0.0
2026-02-06,EWJ,0.0
2026-02-09,EWJ,0.0
2026-02-10,EWJ,178200000.0
2026-02-11,EWJ,178230000.0
2026-02-12,EWJ,766630000.0
2026-02-13,EWJ,0.0
2026-02-16,EWJ,0.0
2026-02-17,EWJ,0.0
2026-02-18,EWJ,0.0
2026-02-19,EWJ,0.0
2026-02-20,EWJ,0.0
2026-02-23,EWJ,0.0
2026-02-24,EWJ,408330000.0
2026-02-25,EWJ,0.0
2026-02-26,EWJ,92800000.0
2026-02-27,EWJ,0.0
2026-03-02,EWJ,183840000.0
2026-03-03,EWJ,0.0
2026-03-04,EWJ,0.0
2026-03-05,EWJ,0.0
2026-03-06,EWJ,0.0
2026-03-09,EWJ,0.0
2026-03-10,EWJ,0.0
2026-03-11,EWJ,0.0
2026-03-12,EWJ,0.0
2026-03-13,EWJ,0.0
2026-03-16,EWJ,0.0
2026-03-17,EWJ,0.0
2026-03-18,EWJ,0.0
2026-03-19,EWJ,0.0
2026-03-20,EWJ,0.0
2026-03-23,EWJ,0.0
2026-03-24,EWJ,0.0
2026-03-25,EWJ,0.0
2026-03-26,EWJ,0.0
2026-03-27,EWJ,0.0
2026-03-30,EWJ,0.0
2026-03-31,EWJ,-553014006.0424805
2026-01-02,EWZ,0.0
2026-01-05,EWZ,0.0
2026-01-06,EWZ,0.0
2026-01-07,EWZ,0.0
2026-01-08,EWZ,0.0
2026-01-09,EWZ,0.0
2026-01-12,EWZ,0.0
2026-01-13,EWZ,0.0
2026-01-14,EWZ,0.0
2026-01-15,EWZ,0.0
2026-01-16,EWZ,0.0
2026-01-19,EWZ,0.0
2026-01-20,EWZ,0.0
2026-01-21,EWZ,0.0
2026-01-22,EWZ,0.0
2026-01-23,EWZ,0.0
2026-01-26,EWZ,0.0
2026-01-27,EWZ,0.0
2026-01-28,EWZ,0.0
2026-01-29,EWZ,0.0
2026-01-30,EWZ,0.0
2026-02-02,EWZ,0.0
2026-02-03,EWZ,0.0
2026-02-04,EWZ,0.0
2026-02-05,EWZ,0.0
2026-02-06,EWZ,0.0
2026-02-09,EWZ,0.0
2026-02-10,EWZ,0.0
2026-02-11,EWZ,0.0
2026-02-12,EWZ,0.0
2026-02-13,EWZ,0.0
2026-02-16,EWZ,0.0
2026-02-17,EWZ,0.0
2026-02-18,EWZ,0.0
2026-02-19,EWZ,0.0
2026-02-20,EWZ,0.0
2026-02-23,EWZ,0.0
2026-02-24,EWZ,0.0
2026-02-25,EWZ,0.0
2026-02-26,EWZ,0.0
2026-02-27,EWZ,0.0
2026-03-02,EWZ,0.0
2026-03-03,EWZ,0.0
2026-03-04,EWZ,0.0
2026-03-05,EWZ,0.0
2026-03-06,EWZ,0.0
2026-03-09,EWZ,0.0
2026-03-10,EWZ,0.0
2026-03-11,EWZ,0.0
2026-03-12,EWZ,0.0
2026-03-13,EWZ,0.0
2026-03-16,EWZ,0.0
2026-03-17,EWZ,0.0
2026-03-18,EWZ,-5540000.0
2026-03-19,EWZ,0.0
2026-03-20,EWZ,0.0
2026-03-23,EWZ,-37030000.0
2026-03-24,EWZ,0.0
2026-03-25,EWZ,0.0
2026-03-26,EWZ,0.0
2026-03-27,EWZ,0.0
2026-03-30,EWZ,0.0
2026-03-31,EWZ,0.0
2026-01-02,FXI,0.0
2026-01-05,FXI,0.0
2026-01-06,FXI,0.0
2026-01-07,FXI,0.0
2026-01-08,FXI,0.0
2026-01-09,FXI,0.0
2026-01-12,FXI,0.0
2026-01-13,FXI,65750000.0
2026-01-14,FXI,65209999.99999999
2026-01-15,FXI,59550000.0
2026-01-16,FXI,99920000.0
2026-01-19,FXI,0.0
2026-01-20,FXI,86320000.0
2026-01-21,FXI,20130000.0
2026-01-22,FXI,174420000.0
2026-01-23,FXI,168680000.0
2026-01-26,FXI,142400000.0
2026-01-27,FXI,40210000.0
2026-01-28,FXI,0.0
2026-01-29,FXI,0.0
2026-01-30,FXI,0.0
2026-02-02,FXI,55590000.0
2026-02-03,FXI,41140000.0
2026-02-04,FXI,76070000.0
2026-02-05,FXI,0.0
2026-02-06,FXI,0.0
2026-02-09,FXI,0.0
2026-02-10,FXI,0.0
2026-02-11,FXI,0.0
2026-02-12,FXI,7810000.0
2026-02-13,FXI,0.0
2026-02-16,FXI,0.0
2026-02-17,FXI,0.0
2026-02-18,FXI,0.0
2026-02-19,FXI,0.0
2026-02-20,FXI,54010000.0
2026-02-23,FXI,78540000.0
2026-02-24,FXI,58100000.0
2026-02-25,FXI,80680000.0
2026-02-26,FXI,59360000.0
2026-02-27,FXI,0.0
2026-03-02,FXI,50350000.0
2026-03-03,FXI,0.0
2026-03-04,FXI,0.0
2026-03-05,FXI,119770000.0
2026-03-06,FXI,0.0
2026-03-09,FXI,28980000.0
2026-03-10,FXI,0.0
2026-03-11,FXI,0.0
2026-03-12,FXI,0.0
2026-03-13,FXI,0.0
2026-03-16,FXI,0.0
2026-03-17,FXI,0.0
2026-03-18,FXI,0.0
2026-03-19,FXI,0.0
2026-03-20,FXI,0.0
2026-03-23,FXI,0.0
2026-03-24,FXI,0.0
2026-03-25,FXI,0.0
2026-03-26,FXI,0.0
2026-03-27,FXI,0.0
2026-03-30,FXI,0.0
2026-03-31,FXI,0.0
2026-01-02,GDX,0.0
2026-01-05,GDX,0.0
2026-01-06,GDX,17680000.0
2026-01-07,GDX,-41440000.0
2026-01-08,GDX,36500000.0
2026-01-09,GDX,0.0
2026-01-12,GDX,27770000.0
2026-01-13,GDX,-38300000.0
2026-01-14,GDX,9670000.0
2026-01-15,GDX,-38820000.0
2026-01-16,GDX,0.0
2026-01-19,GDX,0.0
2026-01-20,GDX,-38840000.0
2026-01-21,GDX,-15400000.0
2026-01-22,GDX,40540000.0
2026-01-23,GDX,20900000.0
2026-01-26,GDX,208240000.0
2026-01-27,GDX,0.0
2026-01-28,GDX,-48940000.0
2026-01-29,GDX,245900000.0
2026-01-30,GDX,182560000.0
2026-02-02,GDX,250870000.0
2026-02-03,GDX,108080000.0
2026-02-04,GDX,73650000.0
2026-02-05,GDX,285430000.0
2026-02-06,GDX,55520000.0
2026-02-09,GDX,97180000.0
2026-02-10,GDX,10270000.0
2026-02-11,GDX,108400000.0
2026-02-12,GDX,0.0
2026-02-13,GDX,153150000.0
2026-02-16,GDX,0.0
2026-02-17,GDX,0.0
2026-02-18,GDX,0.0
2026-02-19,GDX,-102700000.0
2026-02-20,GDX,-15630000.0
2026-02-23,GDX,-74270000.0
2026-02-24,GDX,-10970000.0
2026-02-25,GDX,110880000.0
2026-02-26,GDX,-38940000.0
2026-02-27,GDX,17030000.0
2026-03-02,GDX,104040000.0
2026-03-03,GDX,17290000.0
2026-03-04,GDX,0.0
2026-03-05,GDX,-53100000.0
2026-03-06,GDX,-30560000.0
2026-03-09,GDX,35540000.0
2026-03-10,GDX,30690000.0
2026-03-11,GDX,31100000.0
2026-03-12,GDX,-50870000.0
2026-03-13,GDX,-9970000.0
2026-03-16,GDX,-201120000.0
2026-03-17,GDX,-236200000.0
2026-03-18,GDX,-187960000.0
2026-03-19,GDX,-13310000.0
2026-03-20,GDX,-153990000.0
2026-03-23,GDX,68140000.0
2026-03-24,GDX,-111740000.0
2026-03-25,GDX,229740000.0
2026-03-26,GDX,0.0
2026-03-27,GDX,4139999.999999999
2026-03-30,GDX,0.0
2026-03-31,GDX,0.0
2026-01-02,GDXJ,0.0
2026-01-05,GDXJ,-5670000.0
2026-01-06,GDXJ,0.0
2026-01-07,GDXJ,0.0
2026-01-08,GDXJ,0.0
2026-01-09,GDXJ,0.0
2026-01-12,GDXJ,12190000.0
2026-01-13,GDXJ,0.0
2026-01-14,GDXJ,0.0
2026-01-15,GDXJ,0.0
2026-01-16,GDXJ,-12710000.0
2026-01-19,GDXJ,0.0
2026-01-20,GDXJ,12790000.0
2026-01-21,GDXJ,6780000.0
2026-01-22,GDXJ,13470000.0
2026-01-23,GDXJ,0.0
2026-01-26,GDXJ,50610000.0
2026-01-27,GDXJ,0.0
2026-01-28,GDXJ,-7320000.0
2026-01-29,GDXJ,37350000.0
2026-01-30,GDXJ,7130000.0
2026-02-02,GDXJ,6270000.0
2026-02-03,GDXJ,-173110000.0
2026-02-04,GDXJ,-58530000.0
2026-02-05,GDXJ,-13010000.0
2026-02-06,GDXJ,-6060000.0
2026-02-09,GDXJ,0.0
2026-02-10,GDXJ,-27350000.0
2026-02-11,GDXJ,-20540000.0
2026-02-12,GDXJ,-105490000.0
2026-02-13,GDXJ,0.0
2026-02-16,GDXJ,0.0
2026-02-17,GDXJ,-34180000.0
2026-02-18,GDXJ,-52720000.0
2026-02-19,GDXJ,-194640000.0
2026-02-20,GDXJ,-13820000.0
2026-02-23,GDXJ,-21240000.0
2026-02-24,GDXJ,0.0
2026-02-25,GDXJ,29480000.0
2026-02-26,GDXJ,0.0
2026-02-27,GDXJ,0.0
2026-03-02,GDXJ,54370000.0
2026-03-03,GDXJ,0.0
2026-03-04,GDXJ,0.0
2026-03-05,GDXJ,-71750000.0
2026-03-06,GDXJ,-6840000.0
2026-03-09,GDXJ,0.0
2026-03-10,GDXJ,0.0
2026-03-11,GDXJ,0.0
2026-03-12,GDXJ,0.0
2026-03-13,GDXJ,-13230000.0
2026-03-16,GDXJ,0.0
2026-03-17,GDXJ,0.0
2026-03-18,GDXJ,0.0
2026-03-19,GDXJ,0.0
2026-03-20,GDXJ,-93380000.0
2026-03-23,GDXJ,0.0
2026-03-24,GDXJ,-146050000.0
2026-03-25,GDXJ,87900000.0
2026-03-26,GDXJ,0.0
2026-03-27,GDXJ,0.0
2026-03-30,GDXJ,0.0
2026-03-31,GDXJ,0.0
2026-01-02,GLD,-752630000.0
2026-01-05,GLD,0.0
2026-01-06,GLD,286830000.0
2026-01-07,GLD,0.0
2026-01-08,GLD,0.0
2026-01-09,GLD,-366530000.0
2026-01-12,GLD,950310000.0
2026-01-13,GLD,508950000.0
2026-01-14,GLD,0.0
2026-01-15,GLD,84700000.0
2026-01-16,GLD,1610870000.0
2026-01-19,GLD,0.0
2026-01-20,GLD,-593500000.0
2026-01-21,GLD,-611080000.0
2026-01-22,GLD,313180000.0
2026-01-23,GLD,1066130000.0
2026-01-26,GLD,0.0
2026-01-27,GLD,140400000.0
2026-01-28,GLD,418990000.0
2026-01-29,GLD,-585430000.0
2026-01-30,GLD,99370000.0
2026-02-02,GLD,0.0
2026-02-03,GLD,-563390000.0
2026-02-04,GLD,-226170000.0
2026-02-05,GLD,-641520000.0
2026-02-06,GLD,-267330000.0
2026-02-09,GLD,545770000.0
2026-02-10,GLD,0.0
2026-02-11,GLD,323720000.0
2026-02-12,GLD,-840100000.0
2026-02-13,GLD,139060000.0
2026-02-16,GLD,0.0
2026-02-17,GLD,-229540000.0
2026-02-18,GLD,0.0
2026-02-19,GLD,505820000.0
2026-02-20,GLD,0.0
2026-02-23,GLD,1253910000.0
2026-02-24,GLD,1288160000.0
2026-02-25,GLD,564660000.0
2026-02-26,GLD,47710000.0
2026-02-27,GLD,569850000.0
2026-03-02,GLD,0.0
2026-03-03,GLD,-390660000.0
2026-03-04,GLD,-2914100000.0
2026-03-05,GLD,-851600000.0
2026-03-06,GLD,-422120000.0
2026-03-09,GLD,-376940000.0
2026-03-10,GLD,467370000.0
2026-03-11,GLD,622310000.0
2026-03-12,GLD,-238090000.0
2026-03-13,GLD,-707060000.0
2026-03-16,GLD,-139050000.0
2026-03-17,GLD,-183570000.0
2026-03-18,GLD,-414840000.0
2026-03-19,GLD,-760640000.0
2026-03-20,GLD,-760780000.0
2026-03-23,GLD,-628770000.0
2026-03-24,GLD,41030000.0
2026-03-25,GLD,-81090000.0
2026-03-26,GLD,41930000.0
2026-03-27,GLD,-450340000.0
2026-03-30,GLD,-456037985.2294922
2026-03-31,GLD,-514223986.81640625
2026-01-02,GLDM,0.0
2026-01-05,GLDM,25850000.0
2026-01-06,GLDM,114670000.0
2026-01-07,GLDM,177760000.0
2026-01-08,GLDM,0.0
2026-01-09,GLDM,70140000.0
2026-01-12,GLDM,97840000.0
2026-01-13,GLDM,146090000.0
2026-01-14,GLDM,183010000.0
2026-01-15,GLDM,18240000.0
2026-01-16,GLDM,45630000.0
2026-01-19,GLDM,0.0
2026-01-20,GLDM,191660000.0
2026-01-21,GLDM,93970000.0
2026-01-22,GLDM,240810000.0
2026-01-23,GLDM,38260000.0
2026-01-26,GLDM,0.0
2026-01-27,GLDM,201520000.0
2026-01-28,GLDM,70170000.0
2026-01-29,GLDM,63020000.0
2026-01-30,GLDM,0.0
2026-02-02,GLDM,236650000.0
2026-02-03,GLDM,0.0
2026-02-04,GLDM,48700000.0
2026-02-05,GLDM,69070000.0
2026-02-06,GLDM,0.0
2026-02-09,GLDM,254630000.0
2026-02-10,GLDM,89770000.0
2026-02-11,GLDM,59750000.0
2026-02-12,GLDM,-50250000.0
2026-02-13,GLDM,0.0
2026-02-16,GLDM,0.0
2026-02-17,GLDM,29660000.0
2026-02-18,GLDM,0.0
2026-02-19,GLDM,138630000.0
2026-02-20,GLDM,0.0
2026-02-23,GLDM,110010000.0
2026-02-24,GLDM,205490000.0
2026-02-25,GLDM,0.0
2026-02-26,GLDM,0.0
2026-02-27,GLDM,61360000.0
2026-03-02,GLDM,-82680000.0
2026-03-03,GLDM,0.0
2026-03-04,GLDM,0.0
2026-03-05,GLDM,0.0
2026-03-06,GLDM,0.0
2026-03-09,GLDM,-314580000.0
2026-03-10,GLDM,30200000.0
2026-03-11,GLDM,0.0
2026-03-12,GLDM,0.0
2026-03-13,GLDM,0.0
2026-03-16,GLDM,0.0
2026-03-17,GLDM,0.0
2026-03-18,GLDM,0.0
2026-03-19,GLDM,0.0
2026-03-20,GLDM,-163870000.0
2026-03-23,GLDM,0.0
2026-03-24,GLDM,114900000.0
2026-03-25,GLDM,0.0
2026-03-26,GLDM,0.0
2026-03-27,GLDM,0.0
2026-03-30,GLDM,0.0
2026-03-31,GLDM,55383000.18310547
2026-01-02,GSG,0.0
2026-01-05,GSG,-201840000.0
2026-01-06,GSG,-568220000.0
2026-01-07,GSG,-46240000.0
2026-01-08,GSG,293560000.0
2026-01-09,GSG,224960000.0
2026-01-12,GSG,99160000.0
2026-01-13,GSG,-72400000.0
2026-01-14,GSG,-217810000.0
2026-01-15,GSG,-528450000.00000006
2026-01-16,GSG,33090000.000000004
2026-01-19,GSG,0.0
2026-01-20,GSG,436190000.0
2026-01-21,GSG,-173480000.0
2026-01-22,GSG,-189130000.0
2026-01-23,GSG,-42320000.0
2026-01-26,GSG,-367890000.0
2026-01-27,GSG,-447030000.0
2026-01-28,GSG,-758400000.0
2026-01-29,GSG,-408920000.0
2026-01-30,GSG,0.0
2026-02-02,GSG,3394780000.0
2026-02-03,GSG,-267410000.00000003
2026-02-04,GSG,-190270000.0
2026-02-05,GSG,-357090000.0
2026-02-06,GSG,-142640000.0
2026-02-09,GSG,0.0
2026-02-10,GSG,65530000.0
2026-02-11,GSG,52190000.0
2026-02-12,GSG,-171620000.0
2026-02-13,GSG,-355650000.0
2026-02-16,GSG,0.0
2026-02-17,GSG,-546620000.0
2026-02-18,GSG,-432770000.0
2026-02-19,GSG,-228970000.0
2026-02-20,GSG,-73960000.0
2026-02-23,GSG,809520000.0
2026-02-24,GSG,775790000.0
2026-02-25,GSG,-79810000.0
2026-02-26,GSG,49300000.0
2026-02-27,GSG,-289670000.0
2026-03-02,GSG,-260830000.0
2026-03-03,GSG,257130000.0
2026-03-04,GSG,-88380000.0
2026-03-05,GSG,-385190000.0
2026-03-06,GSG,-129680000.0
2026-03-09,GSG,-134240000.0
2026-03-10,GSG,-151160000.0
2026-03-11,GSG,-328740000.0
2026-03-12,GSG,0.0
2026-03-13,GSG,-220720000.0
2026-03-16,GSG,-280460000.0
2026-03-17,GSG,85800000.0
2026-03-18,GSG,-323290000.0
2026-03-19,GSG,-195750000.0
2026-03-20,GSG,138860000.0
2026-03-23,GSG,616080000.0
2026-03-24,GSG,0.0
2026-03-25,GSG,0.0
2026-03-26,GSG,-245160000.0
2026-03-27,GSG,0.0
2026-03-30,GSG,0.0
2026-03-31,GSG,4833749.771118164
2026-01-02,HYG,48330000.0
2026-01-05,HYG,-217550000.0
2026-01-06,HYG,-217920000.0
2026-01-07,HYG,-347300000.0
2026-01-08,HYG,-48480000.0
2026-01-09,HYG,-307000000.0
2026-01-12,HYG,-8090000.0
2026-01-13,HYG,-56620000.0
2026-01-14,HYG,8090000.0
2026-01-15,HYG,-266970000.00000003
2026-01-16,HYG,-32390000.0
2026-01-19,HYG,0.0
2026-01-20,HYG,-323900000.0
2026-01-21,HYG,-298980000.0
2026-01-22,HYG,-24300000.0
2026-01-23,HYG,24330000.0
2026-01-26,HYG,-24330000.0
2026-01-27,HYG,64890000.0
2026-01-28,HYG,24330000.0
2026-01-29,HYG,40510000.0
2026-01-30,HYG,97100000.0
2026-02-02,HYG,-89020000.0
2026-02-03,HYG,-241840000.0
2026-02-04,HYG,-330190000.0
2026-02-05,HYG,-72480000.0
2026-02-06,HYG,-112660000.0
2026-02-09,HYG,-411250000.0
2026-02-10,HYG,40370000.0
2026-02-11,HYG,581780000.0
2026-02-12,HYG,-8080000.0
2026-02-13,HYG,0.0
2026-02-16,HYG,0.0
2026-02-17,HYG,0.0
2026-02-18,HYG,-112970000.0
2026-02-19,HYG,-113200000.0
2026-02-20,HYG,-137420000.0
2026-02-23,HYG,40420000.0
2026-02-24,HYG,40400000.0
2026-02-25,HYG,-161490000.0
2026-02-26,HYG,40390000.0
2026-02-27,HYG,-193810000.0
2026-03-02,HYG,-80580000.0
2026-03-03,HYG,136320000.0
2026-03-04,HYG,-200230000.0
2026-03-05,HYG,72330000.0
2026-03-06,HYG,-938300000.0
2026-03-09,HYG,7990000.0
2026-03-10,HYG,599700000.0
2026-03-11,HYG,216380000.0
2026-03-12,HYG,-575560000.0
2026-03-13,HYG,-580660000.0
2026-03-16,HYG,222060000.0
2026-03-17,HYG,357790000.0
2026-03-18,HYG,111620000.0
2026-03-19,HYG,-119290000.0
2026-03-20,HYG,-222000000.0
2026-03-23,HYG,316180000.0
2026-03-24,HYG,245960000.0
2026-03-25,HYG,696900000.0
2026-03-26,HYG,39730000.0
2026-03-27,HYG,-339760000.0
2026-03-30,HYG,0.0
2026-03-31,HYG,-484888986.96899414
2026-01-02,IAU,0.0
2026-01-05,IAU,-113580000.0
2026-01-06,IAU,8119999.999999999
2026-01-07,IAU,61430000.0
2026-01-08,IAU,73080000.0
2026-01-09,IAU,-44340000.0
2026-01-12,IAU,-48210000.0
2026-01-13,IAU,37110000.0
2026-01-14,IAU,41590000.0
2026-01-15,IAU,54070000.0
2026-01-16,IAU,16370000.000000002
2026-01-19,IAU,0.0
2026-01-20,IAU,-114380000.0
2026-01-21,IAU,55500000.0
2026-01-22,IAU,92350000.0
2026-01-23,IAU,1023280000.0
2026-01-26,IAU,-928580000.0
2026-01-27,IAU,-95930000.0
2026-01-28,IAU,-7980000.0
2026-01-29,IAU,3950000.0
2026-01-30,IAU,-194280000.0
2026-02-02,IAU,0.0
2026-02-03,IAU,0.0
2026-02-04,IAU,-14680000.0
2026-02-05,IAU,7000000.0
2026-02-06,IAU,-19900000.0
2026-02-09,IAU,-28150000.0
2026-02-10,IAU,14490000.0
2026-02-11,IAU,-115670000.0
2026-02-12,IAU,-63830000.0
2026-02-13,IAU,195220000.0
2026-02-16,IAU,0.0
2026-02-17,IAU,-17560000.0
2026-02-18,IAU,77300000.0
2026-02-19,IAU,-117880000.0
2026-02-20,IAU,-137290000.0
2026-02-23,IAU,-64330000.0
2026-02-24,IAU,77030000.0
2026-02-25,IAU,75570000.0
2026-02-26,IAU,99300000.0
2026-02-27,IAU,33560000.0
2026-03-02,IAU,29190000.0
2026-03-03,IAU,22260000.0
2026-03-04,IAU,-50590000.0
2026-03-05,IAU,89860000.0
2026-03-06,IAU,-18490000.0
2026-03-09,IAU,-86920000.0
2026-03-10,IAU,18570000.0
2026-03-11,IAU,-14580000.0
2026-03-12,IAU,0.0
2026-03-13,IAU,-7070000.0
2026-03-16,IAU,-73730000.0
2026-03-17,IAU,54020000.0
2026-03-18,IAU,58440000.0
2026-03-19,IAU,-46440000.0
2026-03-20,IAU,7110000.0
2026-03-23,IAU,-234970000.0
2026-03-24,IAU,39000000.0
2026-03-25,IAU,34470000.0
2026-03-26,IAU,10480000.0
2026-03-27,IAU,138220000.0
2026-03-30,IAU,0.0
2026-03-31,IAU,0.0
2026-01-02,IBB,-75960000.0
2026-01-05,IBB,92970000.0
2026-01-06,IBB,-8369999.999999999
2026-01-07,IBB,-25680000.0
2026-01-08,IBB,132530000.0
2026-01-09,IBB,-25830000.0
2026-01-12,IBB,-43100000.0
2026-01-13,IBB,-34270000.0
2026-01-14,IBB,-17130000.0
2026-01-15,IBB,51850000.0
2026-01-16,IBB,59680000.0
2026-01-19,IBB,0.0
2026-01-20,IBB,0.0
2026-01-21,IBB,-93900000.0
2026-01-22,IBB,17510000.0
2026-01-23,IBB,-26640000.0
2026-01-26,IBB,8760000.0
2026-01-27,IBB,43970000.0
2026-01-28,IBB,-17690000.0
2026-01-29,IBB,-43510000.0
2026-01-30,IBB,26150000.0
2026-02-02,IBB,-25860000.0
2026-02-03,IBB,-34840000.0
2026-02-04,IBB,-86940000.0
2026-02-05,IBB,104410000.0
2026-02-06,IBB,-76560000.0
2026-02-09,IBB,43730000.0
2026-02-10,IBB,-261590000.0
2026-02-11,IBB,25820000.0
2026-02-12,IBB,146850000.0
2026-02-13,IBB,153660000.0
2026-02-16,IBB,0.0
2026-02-17,IBB,0.0
2026-02-18,IBB,-121830000.0
2026-02-19,IBB,34940000.0
2026-02-20,IBB,17510000.0
2026-02-23,IBB,-26150000.0
2026-02-24,IBB,148900000.0
2026-02-25,IBB,-70530000.0
2026-02-26,IBB,26280000.0
2026-02-27,IBB,104330000.0
2026-03-02,IBB,35070000.0
2026-03-03,IBB,-43510000.0
2026-03-04,IBB,-102140000.0
2026-03-05,IBB,17290000.0
2026-03-06,IBB,-84410000.0
2026-03-09,IBB,-25150000.0
2026-03-10,IBB,77070000.0
2026-03-11,IBB,-103370000.0
2026-03-12,IBB,25650000.0
2026-03-13,IBB,-108090000.0
2026-03-16,IBB,-124020000.0
2026-03-17,IBB,66860000.0
2026-03-18,IBB,41790000.0
2026-03-19,IBB,81910000.0
2026-03-20,IBB,-49360000.0
2026-03-23,IBB,-258770000.0
2026-03-24,IBB,170880000.0
2026-03-25,IBB,0.0
2026-03-26,IBB,82850000.0
2026-03-27,IBB,-8260000.0
2026-03-30,IBB,0.0
2026-03-31,IBB,0.0
2026-01-02,IBIT,-99050000.0
2026-01-05,IBIT,287370000.0
2026-01-06,IBIT,372470000.0
2026-01-07,IBIT,228660000.0
2026-01-08,IBIT,-129960000.0
2026-01-09,IBIT,-193340000.0
2026-01-12,IBIT,-251970000.0
2026-01-13,IBIT,-70660000.0
2026-01-14,IBIT,126270000.0
2026-01-15,IBIT,648380000.0
2026-01-16,IBIT,315790000.0
2026-01-19,IBIT,0.0
2026-01-20,IBIT,15090000.0
2026-01-21,IBIT,-56870000.0
2026-01-22,IBIT,-356650000.0
2026-01-23,IBIT,-22350000.0
2026-01-26,IBIT,-101620000.0
2026-01-27,IBIT,15930000.0
2026-01-28,IBIT,-102810000.0
2026-01-29,IBIT,-14180000.0
2026-01-30,IBIT,-317800000.0
2026-02-02,IBIT,-528300000.0
2026-02-03,IBIT,141990000.0
2026-02-04,IBIT,60030000.0
2026-02-05,IBIT,-373440000.0
2026-02-06,IBIT,-175340000.0
2026-02-09,IBIT,231620000.0
2026-02-10,IBIT,-20850000.0
2026-02-11,IBIT,26530000.0
2026-02-12,IBIT,-73410000.0
2026-02-13,IBIT,-157560000.0
2026-02-16,IBIT,0.0
2026-02-17,IBIT,-9360000.0
2026-02-18,IBIT,-119680000.0
2026-02-19,IBIT,-84200000.0
2026-02-20,IBIT,-164060000.0
2026-02-23,IBIT,64459999.99999999
2026-02-24,IBIT,-116440000.0
2026-02-25,IBIT,78930000.0
2026-02-26,IBIT,297380000.0
2026-02-27,IBIT,275830000.0
2026-03-02,IBIT,-32710000.0
2026-03-03,IBIT,263190000.0
2026-03-04,IBIT,322390000.0
2026-03-05,IBIT,306580000.0
2026-03-06,IBIT,-88740000.0
2026-03-09,IBIT,-143450000.0
2026-03-10,IBIT,109310000.0
2026-03-11,IBIT,185760000.0
2026-03-12,IBIT,115260000.0
2026-03-13,IBIT,46150000.0
2026-03-16,IBIT,143590000.0
2026-03-17,IBIT,139400000.0
2026-03-18,IBIT,169330000.0
2026-03-19,IBIT,-33910000.0
2026-03-20,IBIT,-38250000.0
2026-03-23,IBIT,-45940000.0
2026-03-24,IBIT,160810000.0
2026-03-25,IBIT,-4720000.0
2026-03-26,IBIT,-70710000.0
2026-03-27,IBIT,-41920000.0
2026-03-30,IBIT,0.0
2026-03-31,IBIT,-207197994.23217773
2026-01-02,ICLN,-15050000.0
2026-01-05,ICLN,-47090000.0
2026-01-06,ICLN,111390000.0
2026-01-07,ICLN,213510000.0
2026-01-08,ICLN,81220000.0
2026-01-09,ICLN,15970000.0
2026-01-12,ICLN,-246700000.0
2026-01-13,ICLN,231270000.0
2026-01-14,ICLN,216630000.0
2026-01-15,ICLN,66370000.00000001
2026-01-16,ICLN,-84360000.0
2026-01-19,ICLN,0.0
2026-01-20,ICLN,-119880000.0
2026-01-21,ICLN,-118060000.0
2026-01-22,ICLN,52230000.0
2026-01-23,ICLN,139440000.0
2026-01-26,ICLN,17230000.0
2026-01-27,ICLN,34300000.0
2026-01-28,ICLN,210790000.0
2026-01-29,ICLN,-54080000.0
2026-01-30,ICLN,108320000.0
2026-02-02,ICLN,-155730000.0
2026-02-03,ICLN,70580000.0
2026-02-04,ICLN,-51830000.0
2026-02-05,ICLN,-82600000.0
2026-02-06,ICLN,314240000.0
2026-02-09,ICLN,331250000.0
2026-02-10,ICLN,264700000.0
2026-02-11,ICLN,-52710000.0
2026-02-12,ICLN,108110000.0
2026-02-13,ICLN,-140550000.0
2026-02-16,ICLN,0.0
2026-02-17,ICLN,-35460000.0
2026-02-18,ICLN,265440000.0
2026-02-19,ICLN,143190000.0
2026-02-20,ICLN,-195680000.0
2026-02-23,ICLN,-89870000.0
2026-02-24,ICLN,696170000.0
2026-02-25,ICLN,-488890000.0
2026-02-26,ICLN,0.0
2026-02-27,ICLN,-588570000.0
2026-03-02,ICLN,0.0
2026-03-03,ICLN,422490000.0
2026-03-04,ICLN,0.0
2026-03-05,ICLN,273340000.0
2026-03-06,ICLN,-320840000.0
2026-03-09,ICLN,161740000.0
2026-03-10,ICLN,-100920000.0
2026-03-11,ICLN,-101640000.0
2026-03-12,ICLN,0.0
2026-03-13,ICLN,115540000.0
2026-03-16,ICLN,82830000.0
2026-03-17,ICLN,-16890000.0
2026-03-18,ICLN,-238180000.0
2026-03-19,ICLN,-16910000.0
2026-03-20,ICLN,-68050000.0
2026-03-23,ICLN,99690000.0
2026-03-24,ICLN,185150000.0
2026-03-25,ICLN,-51140000.0
2026-03-26,ICLN,51800000.0
2026-03-27,ICLN,-49300000.0
2026-03-30,ICLN,0.0
2026-03-31,ICLN,0.0
2026-01-02,IEF,-139530000.0
2026-01-05,IEF,-635320000.0
2026-01-06,IEF,-340890000.0
2026-01-07,IEF,-192020000.0
2026-01-08,IEF,588060000.0
2026-01-09,IEF,-253180000.0
2026-01-12,IEF,-193280000.0
2026-01-13,IEF,70090000.0
2026-01-14,IEF,87770000.0
2026-01-15,IEF,-61820000.0
2026-01-16,IEF,-141290000.0
2026-01-19,IEF,0.0
2026-01-20,IEF,-280770000.0
2026-01-21,IEF,-95330000.0
2026-01-22,IEF,-497740000.0
2026-01-23,IEF,-350690000.0
2026-01-26,IEF,17570000.0
2026-01-27,IEF,335550000.0
2026-01-28,IEF,-17550000.0
2026-01-29,IEF,-96340000.0
2026-01-30,IEF,-17520000.0
2026-02-02,IEF,-548940000.0
2026-02-03,IEF,103870000.0
2026-02-04,IEF,-95400000.0
2026-02-05,IEF,60560000.0
2026-02-06,IEF,-69930000.0
2026-02-09,IEF,148640000.0
2026-02-10,IEF,131220000.0
2026-02-11,IEF,-336190000.0
2026-02-12,IEF,-792170000.0
2026-02-13,IEF,133800000.0
2026-02-16,IEF,0.0
2026-02-17,IEF,-304720000.0
2026-02-18,IEF,107810000.0
2026-02-19,IEF,53690000.0
2026-02-20,IEF,-26880000.0
2026-02-23,IEF,35750000.0
2026-02-24,IEF,-62790000.0
2026-02-25,IEF,-116810000.0
2026-02-26,IEF,35940000.0
2026-02-27,IEF,-63170000.0
2026-03-02,IEF,-117950000.0
2026-03-03,IEF,913650000.0
2026-03-04,IEF,-384460000.0
2026-03-05,IEF,62380000.0
2026-03-06,IEF,479430000.0
2026-03-09,IEF,-176840000.0
2026-03-10,IEF,-196210000.0
2026-03-11,IEF,-264780000.0
2026-03-12,IEF,226500000.0
2026-03-13,IEF,-43480000.0
2026-03-16,IEF,-441160000.0
2026-03-17,IEF,-34860000.0
2026-03-18,IEF,-113660000.0
2026-03-19,IEF,217330000.0
2026-03-20,IEF,-542460000.0
2026-03-23,IEF,549240000.0
2026-03-24,IEF,-829040000.0
2026-03-25,IEF,25800000.0
2026-03-26,IEF,-60760000.0
2026-03-27,IEF,-421880000.0
2026-03-30,IEF,0.0
2026-03-31,IEF,219650000.0
2026-01-02,IEMG,0.0
2026-01-05,IEMG,0.0
2026-01-06,IEMG,149210000.0
2026-01-07,IEMG,99710000.0
2026-01-08,IEMG,0.0
2026-01-09,IEMG,111830000.0
2026-01-12,IEMG,0.0
2026-01-13,IEMG,0.0
2026-01-14,IEMG,0.0
2026-01-15,IEMG,127380000.0
2026-01-16,IEMG,0.0
2026-01-19,IEMG,0.0
2026-01-20,IEMG,0.0
2026-01-21,IEMG,0.0
2026-01-22,IEMG,0.0
2026-01-23,IEMG,-127360000.0
2026-01-26,IEMG,0.0
2026-01-27,IEMG,-114780000.0
2026-01-28,IEMG,0.0
2026-01-29,IEMG,0.0
2026-01-30,IEMG,-90350000.0
2026-02-02,IEMG,0.0
2026-02-03,IEMG,0.0
2026-02-04,IEMG,-25820000.0
2026-02-05,IEMG,272910000.0
2026-02-06,IEMG,0.0
2026-02-09,IEMG,0.0
2026-02-10,IEMG,0.0
2026-02-11,IEMG,0.0
2026-02-12,IEMG,0.0
2026-02-13,IEMG,430830000.0
2026-02-16,IEMG,0.0
2026-02-17,IEMG,0.0
2026-02-18,IEMG,205700000.0
2026-02-19,IEMG,301860000.0
2026-02-20,IEMG,450980000.0
2026-02-23,IEMG,369170000.0
2026-02-24,IEMG,0.0
2026-02-25,IEMG,123290000.0
2026-02-26,IEMG,96670000.0
2026-02-27,IEMG,0.0
2026-03-02,IEMG,0.0
2026-03-03,IEMG,0.0
2026-03-04,IEMG,287150000.0
2026-03-05,IEMG,79660000.0
2026-03-06,IEMG,-231150000.0
2026-03-09,IEMG,228230000.0
2026-03-10,IEMG,77600000.0
2026-03-11,IEMG,233460000.0
2026-03-12,IEMG,-38530000.0
2026-03-13,IEMG,75280000.0
2026-03-16,IEMG,49910000.0
2026-03-17,IEMG,0.0
2026-03-18,IEMG,114650000.0
2026-03-19,IEMG,0.0
2026-03-20,IEMG,0.0
2026-03-23,IEMG,0.0
2026-03-24,IEMG,-288150000.0
2026-03-25,IEMG,-99770000.0
2026-03-26,IEMG,-25400000.0
2026-03-27,IEMG,-334450000.0
2026-03-30,IEMG,0.0
2026-03-31,IEMG,0.0
2026-01-02,INDA,0.0
2026-01-05,INDA,0.0
2026-01-06,INDA,0.0
2026-01-07,INDA,0.0
2026-01-08,INDA,0.0
2026-01-09,INDA,0.0
2026-01-12,INDA,-31900000.0
2026-01-13,INDA,0.0
2026-01-14,INDA,0.0
2026-01-15,INDA,0.0
2026-01-16,INDA,0.0
2026-01-19,INDA,0.0
2026-01-20,INDA,0.0
2026-01-21,INDA,0.0
2026-01-22,INDA,0.0
2026-01-23,INDA,0.0
2026-01-26,INDA,0.0
2026-01-27,INDA,0.0
2026-01-28,INDA,0.0
2026-01-29,INDA,0.0
2026-01-30,INDA,0.0
2026-02-02,INDA,0.0
2026-02-03,INDA,0.0
2026-02-04,INDA,0.0
2026-02-05,INDA,0.0
2026-02-06,INDA,0.0
2026-02-09,INDA,0.0
2026-02-10,INDA,0.0
2026-02-11,INDA,0.0
2026-02-12,INDA,0.0
2026-02-13,INDA,21220000.0
2026-02-16,INDA,0.0
2026-02-17,INDA,0.0
2026-02-18,INDA,0.0
2026-02-19,INDA,0.0
2026-02-20,INDA,0.0
2026-02-23,INDA,0.0
2026-02-24,INDA,15810000.0
2026-02-25,INDA,0.0
2026-02-26,INDA,0.0
2026-02-27,INDA,0.0
2026-03-02,INDA,0.0
2026-03-03,INDA,0.0
2026-03-04,INDA,0.0
2026-03-05,INDA,-60400000.0
2026-03-06,INDA,-89040000.0
2026-03-09,INDA,-213950000.0
2026-03-10,INDA,-164070000.0
2026-03-11,INDA,-97830000.0
2026-03-12,INDA,-42010000.0
2026-03-13,INDA,-97570000.0
2026-03-16,INDA,-64900000.00000001
2026-03-17,INDA,0.0
2026-03-18,INDA,-34090000.0
2026-03-19,INDA,-106560000.0
2026-03-20,INDA,0.0
2026-03-23,INDA,-115180000.0
2026-03-24,INDA,-149690000.0
2026-03-25,INDA,0.0
2026-03-26,INDA,-21460000.0
2026-03-27,INDA,0.0
2026-03-30,INDA,0.0
2026-03-31,INDA,0.0
2026-01-02,IVV,616330000.0
2026-01-05,IVV,-2813700000.0
2026-01-06,IVV,-448910000.0
2026-01-07,IVV,-8339520000.0
2026-01-08,IVV,277030000.0
2026-01-09,IVV,1246730000.0
2026-01-12,IVV,10038800000.0
2026-01-13,IVV,-1990140000.0
2026-01-14,IVV,2334800000.0
2026-01-15,IVV,-2426380000.0
2026-01-16,IVV,-4239850000.000001
2026-01-19,IVV,0.0
2026-01-20,IVV,-34730000.0
2026-01-21,IVV,-1428740000.0
2026-01-22,IVV,-344120000.0
2026-01-23,IVV,-138410000.0
2026-01-26,IVV,-1973120000.0
2026-01-27,IVV,-626210000.0
2026-01-28,IVV,558900000.0
2026-01-29,IVV,873220000.0
2026-01-30,IVV,976750000.0
2026-02-02,IVV,-69470000.0
2026-02-03,IVV,-69850000.0
2026-02-04,IVV,242420000.0
2026-02-05,IVV,585760000.0
2026-02-06,IVV,-612620000.0
2026-02-09,IVV,-937070000.0
2026-02-10,IVV,-627700000.0
2026-02-11,IVV,-173790000.0
2026-02-12,IVV,-729920000.0
2026-02-13,IVV,-1129150000.0
2026-02-16,IVV,0.0
2026-02-17,IVV,-787490000.0
2026-02-18,IVV,377060000.0
2026-02-19,IVV,-758350000.0
2026-02-20,IVV,-1993920000.0
2026-02-23,IVV,-242320000.0
2026-02-24,IVV,-650920000.0
2026-02-25,IVV,0.0
2026-02-26,IVV,-208830000.0
2026-02-27,IVV,623130000.0
2026-03-02,IVV,0.0
2026-03-03,IVV,34490000.0
2026-03-04,IVV,-3313870000.0
2026-03-05,IVV,-895160000.0
2026-03-06,IVV,-1232490000.0
2026-03-09,IVV,-641940000.0
2026-03-10,IVV,-1226510000.0
2026-03-11,IVV,-10880260000.0
2026-03-12,IVV,-2989670000.0
2026-03-13,IVV,-8197100000.0
2026-03-16,IVV,-24212690000.0
2026-03-17,IVV,-2419160000.0
2026-03-18,IVV,10145800000.0
2026-03-19,IVV,9775810000.0
2026-03-20,IVV,2875280000.0
2026-03-23,IVV,1952980000.0
2026-03-24,IVV,17877930000.0
2026-03-25,IVV,5805840000.0
2026-03-26,IVV,12763400000.0
2026-03-27,IVV,2398080000.0
2026-03-30,IVV,0.0
2026-03-31,IVV,-32514999.389648438
2026-01-02,IWM,-110800000.0
2026-01-05,IWM,-1194440000.0
2026-01-06,IWM,-1440860000.0
2026-01-07,IWM,281870000.0
2026-01-08,IWM,344930000.0
2026-01-09,IWM,-142090000.0
2026-01-12,IWM,-390560000.0
2026-01-13,IWM,1189920000.0
2026-01-14,IWM,-222090000.0
2026-01-15,IWM,-223660000.0
2026-01-16,IWM,265410000.00000003
2026-01-19,IWM,0.0
2026-01-20,IWM,-558020000.0
2026-01-21,IWM,170630000.0
2026-01-22,IWM,334700000.0
2026-01-23,IWM,-539630000.0
2026-01-26,IWM,-437090000.0
2026-01-27,IWM,0.0
2026-01-28,IWM,-132330000.0
2026-01-29,IWM,-750560000.0
2026-01-30,IWM,-197610000.0
2026-02-02,IWM,-1167350000.0
2026-02-03,IWM,1428230000.0
2026-02-04,IWM,52580000.0
2026-02-05,IWM,1107120000.0
2026-02-06,IWM,-767560000.0
2026-02-09,IWM,609610000.0
2026-02-10,IWM,613910000.0
2026-02-11,IWM,-505420000.0
2026-02-12,IWM,-13250000.0
2026-02-13,IWM,51940000.0
2026-02-16,IWM,0.0
2026-02-17,IWM,-275970000.0
2026-02-18,IWM,-197130000.0
2026-02-19,IWM,-567660000.0
2026-02-20,IWM,-66170000.0
2026-02-23,IWM,-1190510000.0
2026-02-24,IWM,-520630000.0
2026-02-25,IWM,658560000.0
2026-02-26,IWM,330660000.0
2026-02-27,IWM,-93070000.0
2026-03-02,IWM,784510000.0
2026-03-03,IWM,-1055470000.0
2026-03-04,IWM,38870000.0
2026-03-05,IWM,-104760000.0
2026-03-06,IWM,-912030000.0
2026-03-09,IWM,-1668780000.0
2026-03-10,IWM,1459170000.0
2026-03-11,IWM,1025600000.0
2026-03-12,IWM,-113730000.0
2026-03-13,IWM,-766900000.0
2026-03-16,IWM,-838270000.0
2026-03-17,IWM,3783080000.0
2026-03-18,IWM,825380000.0
2026-03-19,IWM,-1033260000.0
2026-03-20,IWM,49520000.0
2026-03-23,IWM,-762350000.0
2026-03-24,IWM,2067110000.0
2026-03-25,IWM,-944980000.0
2026-03-26,IWM,-1158050000.0
2026-03-27,IWM,-420710000.0
2026-03-30,IWM,0.0
2026-03-31,IWM,-246600006.10351562
2026-01-02,JAAA,20210000.0
2026-01-05,JAAA,111190000.0
2026-01-06,JAAA,101100000.0
2026-01-07,JAAA,0.0
2026-01-08,JAAA,70830000.0
2026-01-09,JAAA,151800000.0
2026-01-12,JAAA,10120000.0
2026-01-13,JAAA,20250000.0
2026-01-14,JAAA,10130000.0
2026-01-15,JAAA,81020000.0
2026-01-16,JAAA,20260000.0
2026-01-19,JAAA,0.0
2026-01-20,JAAA,20280000.0
2026-01-21,JAAA,40560000.0
2026-01-22,JAAA,149560000.0
2026-01-23,JAAA,43100000.0
2026-01-26,JAAA,40580000.0
2026-01-27,JAAA,182660000.0
2026-01-28,JAAA,50750000.0
2026-01-29,JAAA,578660000.0
2026-01-30,JAAA,111670000.0
2026-02-02,JAAA,141740000.0
2026-02-03,JAAA,172140000.0
2026-02-04,JAAA,48100000.0
2026-02-05,JAAA,81020000.0
2026-02-06,JAAA,202520000.0
2026-02-09,JAAA,30390000.0
2026-02-10,JAAA,0.0
2026-02-11,JAAA,0.0
2026-02-12,JAAA,10130000.0
2026-02-13,JAAA,20260000.0
2026-02-16,JAAA,0.0
2026-02-17,JAAA,121660000.0
2026-02-18,JAAA,50690000.0
2026-02-19,JAAA,0.0
2026-02-20,JAAA,70980000.0
2026-02-23,JAAA,20290000.0
2026-02-24,JAAA,0.0
2026-02-25,JAAA,0.0
2026-02-26,JAAA,101460000.0
2026-02-27,JAAA,10150000.0
2026-03-02,JAAA,-30310000.0
2026-03-03,JAAA,0.0
2026-03-04,JAAA,-20180000.0
2026-03-05,JAAA,0.0
2026-03-06,JAAA,111000000.0
2026-03-09,JAAA,-60570000.0
2026-03-10,JAAA,-171640000.0
2026-03-11,JAAA,-30290000.0
2026-03-12,JAAA,20200000.0
2026-03-13,JAAA,-30280000.0
2026-03-16,JAAA,0.0
2026-03-17,JAAA,-50530000.0
2026-03-18,JAAA,0.0
2026-03-19,JAAA,-40430000.0
2026-03-20,JAAA,0.0
2026-03-23,JAAA,-10110000.0
2026-03-24,JAAA,60690000.0
2026-03-25,JAAA,-80940000.0
2026-03-26,JAAA,0.0
2026-03-27,JAAA,10120000.0
2026-03-30,JAAA,0.0
2026-03-31,JAAA,0.0
2026-01-02,LQD,55150000.0
2026-01-05,LQD,-275290000.0
2026-01-06,LQD,-463700000.0
2026-01-07,LQD,-77300000.0
2026-01-08,LQD,-221150000.0
2026-01-09,LQD,55120000.0
2026-01-12,LQD,-442380000.0
2026-01-13,LQD,-55240000.0
2026-01-14,LQD,-265610000.0
2026-01-15,LQD,-488270000.0
2026-01-16,LQD,-454640000.0
2026-01-19,LQD,0.0
2026-01-20,LQD,-420180000.0
2026-01-21,LQD,340880000.0
2026-01-22,LQD,-298360000.0
2026-01-23,LQD,387660000.0
2026-01-26,LQD,199390000.0
2026-01-27,LQD,199660000.0
2026-01-28,LQD,874750000.0
2026-01-29,LQD,11060000.0
2026-01-30,LQD,-298730000.0
2026-02-02,LQD,-1039230000.0
2026-02-03,LQD,-44030000.0
2026-02-04,LQD,561520000.0
2026-02-05,LQD,593820000.0
2026-02-06,LQD,187830000.0
2026-02-09,LQD,276100000.0
2026-02-10,LQD,453140000.0
2026-02-11,LQD,-88710000.0
2026-02-12,LQD,33210000.0
2026-02-13,LQD,445200000.0
2026-02-16,LQD,0.0
2026-02-17,LQD,200720000.0
2026-02-18,LQD,234400000.0
2026-02-19,LQD,223000000.0
2026-02-20,LQD,-435070000.0
2026-02-23,LQD,379330000.0
2026-02-24,LQD,-134010000.0
2026-02-25,LQD,491160000.0
2026-02-26,LQD,111590000.0
2026-02-27,LQD,714610000.0
2026-03-02,LQD,134020000.0
2026-03-03,LQD,432350000.0
2026-03-04,LQD,-110870000.0
2026-03-05,LQD,-976170000.0
2026-03-06,LQD,-497010000.0
2026-03-09,LQD,-242290000.0
2026-03-10,LQD,-254540000.0
2026-03-11,LQD,990760000.0
2026-03-12,LQD,1135030000.0
2026-03-13,LQD,325510000.0
2026-03-16,LQD,-389460000.0
2026-03-17,LQD,554220000.0
2026-03-18,LQD,316710000.0
2026-03-19,LQD,-108810000.0
2026-03-20,LQD,-1134580000.0
2026-03-23,LQD,-420800000.0
2026-03-24,LQD,-488540000.0
2026-03-25,LQD,-400970000.0
2026-03-26,LQD,54420000.0
2026-03-27,LQD,-550550000.0
2026-03-30,LQD,0.0
2026-03-31,LQD,0.0
2026-01-02,QQQ,522050000.0
2026-01-05,QQQ,-3157890000.0
2026-01-06,QQQ,-587020000.0
2026-01-07,QQQ,187110000.0
2026-01-08,QQQ,-686460000.0
2026-01-09,QQQ,930720000.0
2026-01-12,QQQ,-595450000.0
2026-01-13,QQQ,-219560000.0
2026-01-14,QQQ,657500000.0
2026-01-15,QQQ,185850000.0
2026-01-16,QQQ,-186450000.0
2026-01-19,QQQ,0.0
2026-01-20,QQQ,-714210000.0
2026-01-21,QQQ,-668640000.0
2026-01-22,QQQ,708510000.0
2026-01-23,QQQ,-1676060000.0
2026-01-26,QQQ,-747450000.0
2026-01-27,QQQ,-156370000.0
2026-01-28,QQQ,2744840000.0
2026-01-29,QQQ,1424310000.0
2026-01-30,QQQ,1826030000.0
2026-02-02,QQQ,372990000.0
2026-02-03,QQQ,-1878510000.0
2026-02-04,QQQ,-1109580000.0
2026-02-05,QQQ,1604710000.0
2026-02-06,QQQ,-895820000.0
2026-02-09,QQQ,-488030000.0
2026-02-10,QQQ,-2243830000.0
2026-02-11,QQQ,-2170290000.0
2026-02-12,QQQ,30660000.0
2026-02-13,QQQ,1141220000.0
2026-02-16,QQQ,0.0
2026-02-17,QQQ,511540000.0
2026-02-18,QQQ,-510910000.0
2026-02-19,QQQ,1242030000.0
2026-02-20,QQQ,1448370000.0
2026-02-23,QQQ,-669600000.0
2026-02-24,QQQ,-360800000.0
2026-02-25,QQQ,-334320000.0
2026-02-26,QQQ,-893810000.0
2026-02-27,QQQ,-2315150000.0
2026-03-02,QQQ,577130000.0
2026-03-03,QQQ,-1976990000.0
2026-03-04,QQQ,-361010000.0
2026-03-05,QQQ,-2290480000.0
2026-03-06,QQQ,669960000.0
2026-03-09,QQQ,-899930000.0
2026-03-10,QQQ,1641250000.0
2026-03-11,QQQ,-941790000.0
2026-03-12,QQQ,2431340000.0
2026-03-13,QQQ,-806400000.0
2026-03-16,QQQ,712420000.0
2026-03-17,QQQ,-750470000.0
2026-03-18,QQQ,-724100000.0
2026-03-19,QQQ,267640000.0
2026-03-20,QQQ,1364040000.0
2026-03-23,QQQ,58200000.0
2026-03-24,QQQ,-1500230000.0
2026-03-25,QQQ,-379470000.0
2026-03-26,QQQ,-499550000.0
2026-03-27,QQQ,430280000.0
2026-03-30,QQQ,0.0
2026-03-31,QQQ,0.0
2026-01-02,SHY,319660000.0
2026-01-05,SHY,409110000.0
2026-01-06,SHY,30000000.0
2026-01-07,SHY,0.0
2026-01-08,SHY,0.0
2026-01-09,SHY,0.0
2026-01-12,SHY,250350000.0
2026-01-13,SHY,0.0
2026-01-14,SHY,0.0
2026-01-15,SHY,0.0
2026-01-16,SHY,-30070000.0
2026-01-19,SHY,0.0
2026-01-20,SHY,80000000.0
2026-01-21,SHY,279130000.0
2026-01-22,SHY,0.0
2026-01-23,SHY,0.0
2026-01-26,SHY,970630000.0
2026-01-27,SHY,250570000.0
2026-01-28,SHY,20030000.0
2026-01-29,SHY,100110000.0
2026-01-30,SHY,0.0
2026-02-02,SHY,0.0
2026-02-03,SHY,0.0
2026-02-04,SHY,69780000.0
2026-02-05,SHY,0.0
2026-02-06,SHY,0.0
2026-02-09,SHY,100050000.0
2026-02-10,SHY,170170000.0
2026-02-11,SHY,251040000.0
2026-02-12,SHY,0.0
2026-02-13,SHY,20140000.0
2026-02-16,SHY,0.0
2026-02-17,SHY,201870000.0
2026-02-18,SHY,0.0
2026-02-19,SHY,60490000.0
2026-02-20,SHY,0.0
2026-02-23,SHY,181540000.0
2026-02-24,SHY,30320000.0
2026-02-25,SHY,0.0
2026-02-26,SHY,0.0
2026-02-27,SHY,30350000.0
2026-03-02,SHY,223020000.0
2026-03-03,SHY,0.0
2026-03-04,SHY,50280000.0
2026-03-05,SHY,0.0
2026-03-06,SHY,0.0
2026-03-09,SHY,260290000.00000003
2026-03-10,SHY,0.0
2026-03-11,SHY,40040000.0
2026-03-12,SHY,0.0
2026-03-13,SHY,0.0
2026-03-16,SHY,238040000.0
2026-03-17,SHY,0.0
2026-03-18,SHY,19950000.0
2026-03-19,SHY,0.0
2026-03-20,SHY,0.0
2026-03-23,SHY,325620000.0
2026-03-24,SHY,-49510000.0
2026-03-25,SHY,-197550000.0
2026-03-26,SHY,-287600000.0
2026-03-27,SHY,-49290000.0
2026-03-30,SHY,0.0
2026-03-31,SHY,74308502.19726562
2026-01-02,SLV,0.0
2026-01-05,SLV,0.0
2026-01-06,SLV,-11740000.0
2026-01-07,SLV,0.0
2026-01-08,SLV,6950000.0
2026-01-09,SLV,0.0
2026-01-12,SLV,0.0
2026-01-13,SLV,-2380000.0
2026-01-14,SLV,-6030000.0
2026-01-15,SLV,0.0
2026-01-16,SLV,0.0
2026-01-19,SLV,0.0
2026-01-20,SLV,7150000.0
2026-01-21,SLV,1210000.0
2026-01-22,SLV,0.0
2026-01-23,SLV,6070000.0
2026-01-26,SLV,2470000.0
2026-01-27,SLV,0.0
2026-01-28,SLV,0.0
2026-01-29,SLV,2540000.0
2026-01-30,SLV,-107210000.0
2026-02-02,SLV,-162150000.0
2026-02-03,SLV,0.0
2026-02-04,SLV,-152970000.0
2026-02-05,SLV,0.0
2026-02-06,SLV,1240000.0
2026-02-09,SLV,0.0
2026-02-10,SLV,0.0
2026-02-11,SLV,2490000.0
2026-02-12,SLV,0.0
2026-02-13,SLV,0.0
2026-02-16,SLV,0.0
2026-02-17,SLV,0.0
2026-02-18,SLV,0.0
2026-02-19,SLV,0.0
2026-02-20,SLV,0.0
2026-02-23,SLV,0.0
2026-02-24,SLV,17900000.0
2026-02-25,SLV,0.0
2026-02-26,SLV,1280000.0
2026-02-27,SLV,-5120000.0
2026-03-02,SLV,2590000.0
2026-03-03,SLV,0.0
2026-03-04,SLV,-28860000.0
2026-03-05,SLV,0.0
2026-03-06,SLV,1430000.0
2026-03-09,SLV,0.0
2026-03-10,SLV,10650000.0
2026-03-11,SLV,0.0
2026-03-12,SLV,7430000.0
2026-03-13,SLV,35660000.0
2026-03-16,SLV,0.0
2026-03-17,SLV,-6120000.0
2026-03-18,SLV,0.0
2026-03-19,SLV,-4720000.0
2026-03-20,SLV,0.0
2026-03-23,SLV,0.0
2026-03-24,SLV,-3000000.0
2026-03-25,SLV,-3080000.0
2026-03-26,SLV,-6060000.0
2026-03-27,SLV,15570000.0
2026-03-30,SLV,-273136001.9683838
2026-03-31,SLV,0.0
2026-01-02,SOXX,0.0
2026-01-05,SOXX,0.0
2026-01-06,SOXX,0.0
2026-01-07,SOXX,0.0
2026-01-08,SOXX,0.0
2026-01-09,SOXX,0.0
2026-01-12,SOXX,0.0
2026-01-13,SOXX,0.0
2026-01-14,SOXX,0.0
2026-01-15,SOXX,0.0
2026-01-16,SOXX,0.0
2026-01-19,SOXX,0.0
2026-01-20,SOXX,0.0
2026-01-21,SOXX,0.0
2026-01-22,SOXX,0.0
2026-01-23,SOXX,0.0
2026-01-26,SOXX,0.0
2026-01-27,SOXX,0.0
2026-01-28,SOXX,-22270000.0
2026-01-29,SOXX,0.0
2026-01-30,SOXX,0.0
2026-02-02,SOXX,0.0
2026-02-03,SOXX,0.0
2026-02-04,SOXX,0.0
2026-02-05,SOXX,0.0
2026-02-06,SOXX,0.0
2026-02-09,SOXX,0.0
2026-02-10,SOXX,-1900000.0
2026-02-11,SOXX,0.0
2026-02-12,SOXX,-11400000.0
2026-02-13,SOXX,0.0
2026-02-16,SOXX,0.0
2026-02-17,SOXX,0.0
2026-02-18,SOXX,0.0
2026-02-19,SOXX,0.0
2026-02-20,SOXX,48910000.0
2026-02-23,SOXX,0.0
2026-02-24,SOXX,0.0
2026-02-25,SOXX,0.0
2026-02-26,SOXX,0.0
2026-02-27,SOXX,0.0
2026-03-02,SOXX,9120000.0
2026-03-03,SOXX,0.0
2026-03-04,SOXX,0.0
2026-03-05,SOXX,0.0
2026-03-06,SOXX,0.0
2026-03-09,SOXX,0.0
2026-03-10,SOXX,0.0
2026-03-11,SOXX,0.0
2026-03-12,SOXX,0.0
2026-03-13,SOXX,0.0
2026-03-16,SOXX,0.0
2026-03-17,SOXX,0.0
2026-03-18,SOXX,0.0
2026-03-19,SOXX,0.0
2026-03-20,SOXX,0.0
2026-03-23,SOXX,0.0
2026-03-24,SOXX,0.0
2026-03-25,SOXX,0.0
2026-03-26,SOXX,0.0
2026-03-27,SOXX,30660000.0
2026-03-30,SOXX,0.0
2026-03-31,SOXX,65197998.046875
2026-01-02,SPY,-238630000.0
2026-01-05,SPY,-1400670000.0
2026-01-06,SPY,-3300460000.0
2026-01-07,SPY,-5189280000.0
2026-01-08,SPY,2034110000.0
2026-01-09,SPY,2034260000.0
2026-01-12,SPY,-2741560000.0
2026-01-13,SPY,-1355670000.0
2026-01-14,SPY,4822470000.0
2026-01-15,SPY,2346660000.0
2026-01-16,SPY,-1349380000.0
2026-01-19,SPY,0.0
2026-01-20,SPY,-1071960000.0
2026-01-21,SPY,-2811020000.0
2026-01-22,SPY,-5378870000.0
2026-01-23,SPY,-1033460000.0
2026-01-26,SPY,137850000.0
2026-01-27,SPY,-865880000.0
2026-01-28,SPY,3581960000.0
2026-01-29,SPY,104320000.0
2026-01-30,SPY,-1597540000.0
2026-02-02,SPY,2593650000.0
2026-02-03,SPY,-4520080000.0
2026-02-04,SPY,4275279999.999999
2026-02-05,SPY,-3293130000.0
2026-02-06,SPY,372720000.0
2026-02-09,SPY,-1278410000.0
2026-02-10,SPY,-2326020000.0
2026-02-11,SPY,311440000.0
2026-02-12,SPY,934280000.0
2026-02-13,SPY,6608530000.0
2026-02-16,SPY,0.0
2026-02-17,SPY,-6067340000.0
2026-02-18,SPY,648390000.0
2026-02-19,SPY,-2161950000.0
2026-02-20,SPY,-1985020000.0
2026-02-23,SPY,-861560000.0
2026-02-24,SPY,-102320000.0
2026-02-25,SPY,-103110000.0
2026-02-26,SPY,-1247350000.0
2026-02-27,SPY,2929370000.0
2026-03-02,SPY,-5250500000.0
2026-03-03,SPY,-4394670000.0
2026-03-04,SPY,-1224400000.0
2026-03-05,SPY,-137100000.0
2026-03-06,SPY,-3067450000.0
2026-03-09,SPY,-2388130000.0
2026-03-10,SPY,5291120000.0
2026-03-11,SPY,-4772680000.0
2026-03-12,SPY,3382160000.0
2026-03-13,SPY,7494550000.0
2026-03-16,SPY,-4039650000.0
2026-03-17,SPY,-167250000.0
2026-03-18,SPY,-8350010000.0
2026-03-19,SPY,-1124690000.0
2026-03-20,SPY,65980000.00000001
2026-03-23,SPY,2397820000.0
2026-03-24,SPY,15273570000.0
2026-03-25,SPY,-7477650000.0
2026-03-26,SPY,-2823510000.0
2026-03-27,SPY,1613020000.0
2026-03-30,SPY,1579924926.7578125
2026-03-31,SPY,-2621484118.6523438
2026-01-02,SRLN,0.0
2026-01-05,SRLN,0.0
2026-01-06,SRLN,0.0
2026-01-07,SRLN,0.0
2026-01-08,SRLN,0.0
2026-01-09,SRLN,0.0
2026-01-12,SRLN,47600000.0
2026-01-13,SRLN,10350000.0
2026-01-14,SRLN,49690000.0
2026-01-15,SRLN,8279999.999999999
2026-01-16,SRLN,35210000.0
2026-01-19,SRLN,0.0
2026-01-20,SRLN,8289999.999999999
2026-01-21,SRLN,0.0
2026-01-22,SRLN,6210000.0
2026-01-23,SRLN,-31060000.0
2026-01-26,SRLN,-4139999.999999999
2026-01-27,SRLN,-28960000.0
2026-01-28,SRLN,-229310000.0
2026-01-29,SRLN,14440000.0
2026-01-30,SRLN,0.0
2026-02-02,SRLN,-61630000.0
2026-02-03,SRLN,-186340000.0
2026-02-04,SRLN,-104180000.0
2026-02-05,SRLN,-14240000.0
2026-02-06,SRLN,-54860000.0
2026-02-09,SRLN,0.0
2026-02-10,SRLN,0.0
2026-02-11,SRLN,-14250000.0
2026-02-12,SRLN,0.0
2026-02-13,SRLN,-115960000.0
2026-02-16,SRLN,0.0
2026-02-17,SRLN,-12210000.0
2026-02-18,SRLN,-18300000.0
2026-02-19,SRLN,2040000.0
2026-02-20,SRLN,-12200000.0
2026-02-23,SRLN,-81300000.0
2026-02-24,SRLN,-64760000.00000001
2026-02-25,SRLN,-12070000.0
2026-02-26,SRLN,38250000.0
2026-02-27,SRLN,-2010000.0
2026-03-02,SRLN,-184450000.0
2026-03-03,SRLN,-101490000.0
2026-03-04,SRLN,-150970000.0
2026-03-05,SRLN,26000000.0
2026-03-06,SRLN,-16020000.0
2026-03-09,SRLN,-34020000.0
2026-03-10,SRLN,-22020000.0
2026-03-11,SRLN,-2010000.0
2026-03-12,SRLN,-74460000.0
2026-03-13,SRLN,-116530000.0
2026-03-16,SRLN,-114460000.0
2026-03-17,SRLN,-104440000.0
2026-03-18,SRLN,0.0
2026-03-19,SRLN,0.0
2026-03-20,SRLN,14050000.0
2026-03-23,SRLN,0.0
2026-03-24,SRLN,116560000.0
2026-03-25,SRLN,20090000.0
2026-03-26,SRLN,32230000.0
2026-03-27,SRLN,0.0
2026-03-30,SRLN,0.0
2026-03-31,SRLN,-18044999.313354492
2026-01-02,TIP,-115530000.0
2026-01-05,TIP,115440000.0
2026-01-06,TIP,-269590000.0
2026-01-07,TIP,57710000.0
2026-01-08,TIP,67320000.0
2026-01-09,TIP,76740000.0
2026-01-12,TIP,-76850000.0
2026-01-13,TIP,96010000.0
2026-01-14,TIP,96030000.0
2026-01-15,TIP,0.0
2026-01-16,TIP,57740000.0
2026-01-19,TIP,0.0
2026-01-20,TIP,0.0
2026-01-21,TIP,-172210000.0
2026-01-22,TIP,-67210000.0
2026-01-23,TIP,115560000.0
2026-01-26,TIP,77100000.0
2026-01-27,TIP,48310000.0
2026-01-28,TIP,135270000.0
2026-01-29,TIP,-86880000.0
2026-01-30,TIP,-28950000.0
2026-02-02,TIP,-57910000.0
2026-02-03,TIP,-355650000.0
2026-02-04,TIP,-317100000.0
2026-02-05,TIP,-250070000.0
2026-02-06,TIP,-163640000.0
2026-02-09,TIP,173500000.0
2026-02-10,TIP,173820000.0
2026-02-11,TIP,-48440000.0
2026-02-12,TIP,-164670000.0
2026-02-13,TIP,-38840000.0
2026-02-16,TIP,0.0
2026-02-17,TIP,48650000.0
2026-02-18,TIP,-136490000.0
2026-02-19,TIP,87720000.0
2026-02-20,TIP,19470000.0
2026-02-23,TIP,0.0
2026-02-24,TIP,146190000.0
2026-02-25,TIP,194920000.0
2026-02-26,TIP,78010000.0
2026-02-27,TIP,58480000.0
2026-03-02,TIP,19480000.0
2026-03-03,TIP,173820000.0
2026-03-04,TIP,383890000.0
2026-03-05,TIP,588090000.0
2026-03-06,TIP,259890000.0
2026-03-09,TIP,-201020000.0
2026-03-10,TIP,104940000.0
2026-03-11,TIP,-144040000.0
2026-03-12,TIP,-239240000.0
2026-03-13,TIP,-1123340000.0
2026-03-16,TIP,-900130000.0
2026-03-17,TIP,-161050000.0
2026-03-18,TIP,-47490000.0
2026-03-19,TIP,-94800000.0
2026-03-20,TIP,-65970000.0
2026-03-23,TIP,0.0
2026-03-24,TIP,131230000.0
2026-03-25,TIP,-65510000.00000001
2026-03-26,TIP,-9430000.0
2026-03-27,TIP,-75050000.0
2026-03-30,TIP,0.0
2026-03-31,TIP,-77321999.35913086
2026-01-02,TLT,38450000.0
2026-01-05,TLT,-9610000.0
2026-01-06,TLT,154120000.0
2026-01-07,TLT,211840000.0
2026-01-08,TLT,57870000.0
2026-01-09,TLT,28850000.0
2026-01-12,TLT,67380000.0
2026-01-13,TLT,0.0
2026-01-14,TLT,0.0
2026-01-15,TLT,38590000.0
2026-01-16,TLT,9630000.0
2026-01-19,TLT,0.0
2026-01-20,TLT,134240000.0
2026-01-21,TLT,-238860000.0
2026-01-22,TLT,57480000.0
2026-01-23,TLT,-124540000.0
2026-01-26,TLT,47960000.0
2026-01-27,TLT,86460000.0
2026-01-28,TLT,19190000.0
2026-01-29,TLT,795800000.0
2026-01-30,TLT,124780000.0
2026-02-02,TLT,-47950000.0
2026-02-03,TLT,-76350000.0
2026-02-04,TLT,-19110000.0
2026-02-05,TLT,-28650000.0
2026-02-06,TLT,-105670000.0
2026-02-09,TLT,86410000.0
2026-02-10,TLT,144130000.0
2026-02-11,TLT,212270000.0
2026-02-12,TLT,57740000.0
2026-02-13,TLT,48410000.0
2026-02-16,TLT,0.0
2026-02-17,TLT,-29150000.0
2026-02-18,TLT,68020000.0
2026-02-19,TLT,38790000.0
2026-02-20,TLT,67940000.0
2026-02-23,TLT,164950000.0
2026-02-24,TLT,19490000.0
2026-02-25,TLT,165560000.0
2026-02-26,TLT,-29190000.0
2026-02-27,TLT,156120000.0
2026-03-02,TLT,-68570000.0
2026-03-03,TLT,203860000.0
2026-03-04,TLT,97000000.0
2026-03-05,TLT,48390000.0
2026-03-06,TLT,193000000.0
2026-03-09,TLT,86770000.0
2026-03-10,TLT,-77380000.0
2026-03-11,TLT,77130000.0
2026-03-12,TLT,57600000.0
2026-03-13,TLT,-28700000.0
2026-03-16,TLT,152890000.0
2026-03-17,TLT,48000000.0
2026-03-18,TLT,201950000.0
2026-03-19,TLT,124430000.0
2026-03-20,TLT,105300000.0
2026-03-23,TLT,123280000.0
2026-03-24,TLT,-266500000.0
2026-03-25,TLT,-151770000.0
2026-03-26,TLT,38130000.0
2026-03-27,TLT,37840000.0
2026-03-30,TLT,0.0
2026-03-31,TLT,330447996.5209961
2026-01-02,VEA,299850000.0
2026-01-05,VEA,299270000.0
2026-01-06,VEA,343370000.0
2026-01-07,VEA,134760000.0
2026-01-08,VEA,74730000.0
2026-01-09,VEA,264140000.0
2026-01-12,VEA,504990000.0
2026-01-13,VEA,234960000.0
2026-01-14,VEA,225150000.0
2026-01-15,VEA,210830000.0
2026-01-16,VEA,308550000.0
2026-01-19,VEA,0.0
2026-01-20,VEA,211000000.0
2026-01-21,VEA,757470000.0
2026-01-22,VEA,336080000.0
2026-01-23,VEA,86530000.0
2026-01-26,VEA,156070000.0
2026-01-27,VEA,266100000.00000003
2026-01-28,VEA,99470000.0
2026-01-29,VEA,317500000.0
2026-01-30,VEA,317660000.0
2026-02-02,VEA,247470000.0
2026-02-03,VEA,280330000.0
2026-02-04,VEA,240010000.0
2026-02-05,VEA,273680000.0
2026-02-06,VEA,354450000.0
2026-02-09,VEA,234400000.0
2026-02-10,VEA,207840000.0
2026-02-11,VEA,70930000.0
2026-02-12,VEA,528560000.0
2026-02-13,VEA,197470000.0
2026-02-16,VEA,0.0
2026-02-17,VEA,473100000.0
2026-02-18,VEA,248120000.0
2026-02-19,VEA,141620000.0
2026-02-20,VEA,383810000.0
2026-02-23,VEA,73800000.0
2026-02-24,VEA,-725170000.0
2026-02-25,VEA,544500000.0
2026-02-26,VEA,44260000.0
2026-02-27,VEA,138610000.0
2026-03-02,VEA,365350000.0
2026-03-03,VEA,373810000.0
2026-03-04,VEA,562770000.0
2026-03-05,VEA,282770000.0
2026-03-06,VEA,309110000.0
2026-03-09,VEA,225620000.0
2026-03-10,VEA,260890000.0
2026-03-11,VEA,234540000.0
2026-03-12,VEA,118890000.0
2026-03-13,VEA,228770000.0
2026-03-16,VEA,222850000.0
2026-03-17,VEA,1056310000.0
2026-03-18,VEA,2981520000.0
2026-03-19,VEA,279990000.0
2026-03-20,VEA,-876370000.0
2026-03-23,VEA,-1230000000.0
2026-03-24,VEA,-188470000.0
2026-03-25,VEA,-822870000.0
2026-03-26,VEA,164320000.0
2026-03-27,VEA,212720000.0
2026-03-30,VEA,0.0
2026-03-31,VEA,0.0
2026-01-02,VOO,5859690000.0
2026-01-05,VOO,-734570000.0
2026-01-06,VOO,3076220000.0
2026-01-07,VOO,-1136410000.0
2026-01-08,VOO,3198520000.0
2026-01-09,VOO,4540360000.0
2026-01-12,VOO,5664560000.0
2026-01-13,VOO,-2356750000.0
2026-01-14,VOO,620260000.0
2026-01-15,VOO,-1769280000.0
2026-01-16,VOO,-912730000.0
2026-01-19,VOO,0.0
2026-01-20,VOO,1291530000.0
2026-01-21,VOO,-527200000.00000006
2026-01-22,VOO,1339590000.0
2026-01-23,VOO,911060000.0
2026-01-26,VOO,-2605720000.0
2026-01-27,VOO,-778310000.0
2026-01-28,VOO,-158360000.0
2026-01-29,VOO,975230000.0
2026-01-30,VOO,-240120000.0
2026-02-02,VOO,330170000.0
2026-02-03,VOO,1900550000.0
2026-02-04,VOO,1802480000.0
2026-02-05,VOO,1992240000.0
2026-02-06,VOO,472550000.0
2026-02-09,VOO,832100000.0
2026-02-10,VOO,2167580000.0
2026-02-11,VOO,755030000.0
2026-02-12,VOO,-500510000.0
2026-02-13,VOO,-978040000.0
2026-02-16,VOO,0.0
2026-02-17,VOO,579220000.0
2026-02-18,VOO,1416930000.0
2026-02-19,VOO,1212070000.0
2026-02-20,VOO,897990000.0
2026-02-23,VOO,1401330000.0
2026-02-24,VOO,283790000.0
2026-02-25,VOO,-622400000.0
2026-02-26,VOO,1617370000.0
2026-02-27,VOO,1443580000.0
2026-03-02,VOO,405120000.0
2026-03-03,VOO,388160000.0
2026-03-04,VOO,780000.0
2026-03-05,VOO,-508780000.0
2026-03-06,VOO,1190320000.0
2026-03-09,VOO,617490000.0
2026-03-10,VOO,-660040000.0
2026-03-11,VOO,10704700000.0
2026-03-12,VOO,20690000.0
2026-03-13,VOO,5653080000.0
2026-03-16,VOO,7624320000.0
2026-03-17,VOO,3456180000.0
2026-03-18,VOO,-2860520000.0
2026-03-19,VOO,-3806180000.0
2026-03-20,VOO,105450000.0
2026-03-23,VOO,-6140150000.0
2026-03-24,VOO,-10132950000.0
2026-03-25,VOO,-7054960000.0
2026-03-26,VOO,-11078650000.0
2026-03-27,VOO,-1488180000.0
2026-03-30,VOO,0.0
2026-03-31,VOO,0.0
2026-01-02,VTI,157210000.0
2026-01-05,VTI,1410000.0
2026-01-06,VTI,324120000.0
2026-01-07,VTI,210000.0
2026-01-08,VTI,2710000.0
2026-01-09,VTI,1360000.0
2026-01-12,VTI,258090000.0
2026-01-13,VTI,261570000.0
2026-01-14,VTI,9400000.0
2026-01-15,VTI,1720000.0
2026-01-16,VTI,810000.0
2026-01-19,VTI,0.0
2026-01-20,VTI,4099999.999999999
2026-01-21,VTI,1260000.0
2026-01-22,VTI,519540000.0
2026-01-23,VTI,540000.0
2026-01-26,VTI,330760000.0
2026-01-27,VTI,1700000.0
2026-01-28,VTI,150000.0
2026-01-29,VTI,1850000.0
2026-01-30,VTI,3170000.0
2026-02-02,VTI,860000.0
2026-02-03,VTI,599220000.0
2026-02-04,VTI,1270000.0
2026-02-05,VTI,-266650000.0
2026-02-06,VTI,66209999.99999999
2026-02-09,VTI,605380000.0
2026-02-10,VTI,25910000.0
2026-02-11,VTI,260000.0
2026-02-12,VTI,6290000.0
2026-02-13,VTI,1390000.0
2026-02-16,VTI,0.0
2026-02-17,VTI,207210000.0
2026-02-18,VTI,1390000.0
2026-02-19,VTI,345230000.0
2026-02-20,VTI,110000.0
2026-02-23,VTI,410000.0
2026-02-24,VTI,1500000.0
2026-02-25,VTI,278930000.0
2026-02-26,VTI,456090000.0
2026-02-27,VTI,4390000.0
2026-03-02,VTI,11180000.0
2026-03-03,VTI,770000.0
2026-03-04,VTI,720000.0
2026-03-05,VTI,670160000.0
2026-03-06,VTI,3280000.0
2026-03-09,VTI,1430000.0
2026-03-10,VTI,1248400000.0
2026-03-11,VTI,190000.0
2026-03-12,VTI,250000.0
2026-03-13,VTI,840000.0
2026-03-16,VTI,3740000.0
2026-03-17,VTI,325210000.0
2026-03-18,VTI,360000.0
2026-03-19,VTI,2040000.0
2026-03-20,VTI,700000.0
2026-03-23,VTI,372780000.0
2026-03-24,VTI,507760000.0
2026-03-25,VTI,18380000.0
2026-03-26,VTI,880000.0
2026-03-27,VTI,1130000.0
2026-03-30,VTI,0.0
2026-03-31,VTI,0.0
2026-01-02,VWO,207420000.0
2026-01-05,VWO,170220000.0
2026-01-06,VWO,74170000.0
2026-01-07,VWO,222480000.0
2026-01-08,VWO,118780000.0
2026-01-09,VWO,125970000.0
2026-01-12,VWO,311810000.0
2026-01-13,VWO,215180000.0
2026-01-14,VWO,74270000.0
2026-01-15,VWO,37200000.0
2026-01-16,VWO,7430000.0
2026-01-19,VWO,0.0
2026-01-20,VWO,867550000.0
2026-01-21,VWO,81310000.0
2026-01-22,VWO,244560000.0
2026-01-23,VWO,22250000.0
2026-01-26,VWO,326520000.0
2026-01-27,VWO,74310000.0
2026-01-28,VWO,0.0
2026-01-29,VWO,51950000.0
2026-01-30,VWO,14850000.0
2026-02-02,VWO,222660000.0
2026-02-03,VWO,0.0
2026-02-04,VWO,73930000.0
2026-02-05,VWO,22160000.0
2026-02-06,VWO,111300000.0
2026-02-09,VWO,185470000.0
2026-02-10,VWO,0.0
2026-02-11,VWO,59570000.0
2026-02-12,VWO,178370000.0
2026-02-13,VWO,82130000.0
2026-02-16,VWO,0.0
2026-02-17,VWO,179590000.0
2026-02-18,VWO,97290000.0
2026-02-19,VWO,194350000.0
2026-02-20,VWO,142080000.0
2026-02-23,VWO,261730000.00000003
2026-02-24,VWO,89930000.0
2026-02-25,VWO,89900000.0
2026-02-26,VWO,591630000.0
2026-02-27,VWO,0.0
2026-03-02,VWO,-157810000.0
2026-03-03,VWO,82060000.0
2026-03-04,VWO,14910000.0
2026-03-05,VWO,283020000.0
2026-03-06,VWO,111470000.0
2026-03-09,VWO,81650000.0
2026-03-10,VWO,59540000.0
2026-03-11,VWO,14840000.0
2026-03-12,VWO,147760000.0
2026-03-13,VWO,44190000.0
2026-03-16,VWO,58840000.0
2026-03-17,VWO,36910000.0
2026-03-18,VWO,14790000.0
2026-03-19,VWO,36840000.0
2026-03-20,VWO,59000000.0
2026-03-23,VWO,-190270000.0
2026-03-24,VWO,-168890000.0
2026-03-25,VWO,-146520000.0
2026-03-26,VWO,14710000.0
2026-03-27,VWO,51180000.0
2026-03-30,VWO,0.0
2026-03-31,VWO,0.0
2026-01-02,XLB,-18160000.0
2026-01-05,XLB,-4040000.0
2026-01-06,XLB,20210000.0
2026-01-07,XLB,28490000.0
2026-01-08,XLB,14040000.0
2026-01-09,XLB,-10110000.0
2026-01-12,XLB,0.0
2026-01-13,XLB,8119999.999999999
2026-01-14,XLB,-4090000.0
2026-01-15,XLB,-16559999.999999998
2026-01-16,XLB,-525480000.0
2026-01-19,XLB,0.0
2026-01-20,XLB,27440000.0
2026-01-21,XLB,20700000.0
2026-01-22,XLB,0.0
2026-01-23,XLB,12340000.0
2026-01-26,XLB,-10310000.0
2026-01-27,XLB,0.0
2026-01-28,XLB,0.0
2026-01-29,XLB,0.0
2026-01-30,XLB,76570000.0
2026-02-02,XLB,18640000.0
2026-02-03,XLB,0.0
2026-02-04,XLB,2040000.0
2026-02-05,XLB,2070000.0
2026-02-06,XLB,-82490000.0
2026-02-09,XLB,-2100000.0
2026-02-10,XLB,0.0
2026-02-11,XLB,19280000.0
2026-02-12,XLB,-23540000.0
2026-02-13,XLB,25720000.0
2026-02-16,XLB,0.0
2026-02-17,XLB,60900000.0
2026-02-18,XLB,30750000.0
2026-02-19,XLB,21670000.0
2026-02-20,XLB,19440000.0
2026-02-23,XLB,8710000.0
2026-02-24,XLB,8720000.0
2026-02-25,XLB,-19670000.0
2026-02-26,XLB,-17370000.0
2026-02-27,XLB,13090000.0
2026-03-02,XLB,19720000.0
2026-03-03,XLB,13180000.0
2026-03-04,XLB,-2180000.0
2026-03-05,XLB,0.0
2026-03-06,XLB,34680000.0
2026-03-09,XLB,49340000.0
2026-03-10,XLB,4300000.0
2026-03-11,XLB,0.0
2026-03-12,XLB,0.0
2026-03-13,XLB,-37930000.0
2026-03-16,XLB,6340000.0
2026-03-17,XLB,14900000.0
2026-03-18,XLB,4270000.0
2026-03-19,XLB,205810000.0
2026-03-20,XLB,-199130000.0
2026-03-23,XLB,-40600000.0
2026-03-24,XLB,10150000.0
2026-03-25,XLB,-40290000.0
2026-03-26,XLB,-16110000.0
2026-03-27,XLB,139020000.0
2026-03-30,XLB,-161997000.50354004
2026-03-31,XLB,-42304500.38909912
2026-01-02,XLC,-104580000.0
2026-01-05,XLC,56150000.0
2026-01-06,XLC,19210000.0
2026-01-07,XLC,6440000.0
2026-01-08,XLC,-150680000.0
2026-01-09,XLC,73480000.0
2026-01-12,XLC,-42510000.0
2026-01-13,XLC,25550000.0
2026-01-14,XLC,105000000.0
2026-01-15,XLC,75550000.0
2026-01-16,XLC,91610000.0
2026-01-19,XLC,0.0
2026-01-20,XLC,-84630000.0
2026-01-21,XLC,-8590000.0
2026-01-22,XLC,-62400000.0
2026-01-23,XLC,61940000.0
2026-01-26,XLC,0.0
2026-01-27,XLC,23580000.0
2026-01-28,XLC,6510000.0
2026-01-29,XLC,-60640000.0
2026-01-30,XLC,108370000.0
2026-02-02,XLC,-190370000.0
2026-02-03,XLC,-2130000.0
2026-02-04,XLC,0.0
2026-02-05,XLC,-15080000.0
2026-02-06,XLC,53910000.0
2026-02-09,XLC,-149580000.0
2026-02-10,XLC,-95700000.0
2026-02-11,XLC,66319999.99999999
2026-02-12,XLC,57970000.0
2026-02-13,XLC,56580000.0
2026-02-16,XLC,0.0
2026-02-17,XLC,123270000.0
2026-02-18,XLC,-48700000.0
2026-02-19,XLC,52450000.0
2026-02-20,XLC,-23060000.0
2026-02-23,XLC,-9270000.0
2026-02-24,XLC,179680000.0
2026-02-25,XLC,-191080000.0
2026-02-26,XLC,0.0
2026-02-27,XLC,23580000.0
2026-03-02,XLC,291180000.0
2026-03-03,XLC,23690000.0
2026-03-04,XLC,270680000.0
2026-03-05,XLC,82720000.0
2026-03-06,XLC,-16420000.000000002
2026-03-09,XLC,-51410000.0
2026-03-10,XLC,119420000.0
2026-03-11,XLC,116390000.0
2026-03-12,XLC,78510000.0
2026-03-13,XLC,30240000.0
2026-03-16,XLC,166720000.0
2026-03-17,XLC,2360000.0
2026-03-18,XLC,61250000.0
2026-03-19,XLC,46740000.0
2026-03-20,XLC,-60500000.0
2026-03-23,XLC,-263300000.0
2026-03-24,XLC,105220000.0
2026-03-25,XLC,-63140000.0
2026-03-26,XLC,22620000.0
2026-03-27,XLC,-40810000.0
2026-03-30,XLC,188929998.39782715
2026-03-31,XLC,0.0
2026-01-02,XLE,30120000.0
2026-01-05,XLE,186800000.0
2026-01-06,XLE,735230000.0
2026-01-07,XLE,-47950000.0
2026-01-08,XLE,-52820000.0
2026-01-09,XLE,-136990000.0
2026-01-12,XLE,8359999.999999999
2026-01-13,XLE,439470000.0
2026-01-14,XLE,59680000.0
2026-01-15,XLE,365370000.0
2026-01-16,XLE,95130000.0
2026-01-19,XLE,0.0
2026-01-20,XLE,1249050000.0
2026-01-21,XLE,226160000.0
2026-01-22,XLE,136270000.0
2026-01-23,XLE,212520000.0
2026-01-26,XLE,151220000.0
2026-01-27,XLE,504660000.0
2026-01-28,XLE,254430000.0
2026-01-29,XLE,-651790000.0
2026-01-30,XLE,-227720000.0
2026-02-02,XLE,-446220000.0
2026-02-03,XLE,229480000.0
2026-02-04,XLE,-61550000.0
2026-02-05,XLE,-463960000.0
2026-02-06,XLE,-413000000.0
2026-02-09,XLE,312010000.0
2026-02-10,XLE,89000000.0
2026-02-11,XLE,-157940000.0
2026-02-12,XLE,-7910000.0
2026-02-13,XLE,-131820000.0
2026-02-16,XLE,0.0
2026-02-17,XLE,-165330000.0
2026-02-18,XLE,-490500000.0
2026-02-19,XLE,-73620000.0
2026-02-20,XLE,-239850000.0
2026-02-23,XLE,-13120000.0
2026-02-24,XLE,-760960000.0
2026-02-25,XLE,-89190000.0
2026-02-26,XLE,12960000.0
2026-02-27,XLE,-724420000.0
2026-03-02,XLE,-370460000.0
2026-03-03,XLE,138560000.0
2026-03-04,XLE,-371400000.0
2026-03-05,XLE,82440000.0
2026-03-06,XLE,-205080000.0
2026-03-09,XLE,-738570000.0
2026-03-10,XLE,-400080000.0
2026-03-11,XLE,590800000.0
2026-03-12,XLE,-436960000.0
2026-03-13,XLE,-446980000.0
2026-03-16,XLE,711150000.0
2026-03-17,XLE,660690000.0
2026-03-18,XLE,706230000.0
2026-03-19,XLE,17140000.0
2026-03-20,XLE,-161650000.0
2026-03-23,XLE,-360740000.0
2026-03-24,XLE,1098270000.0
2026-03-25,XLE,583890000.0
2026-03-26,XLE,-115920000.0
2026-03-27,XLE,-230510000.0
2026-03-30,XLE,501875992.5842285
2026-03-31,XLE,382220988.46435547
2026-01-02,XLF,-11180000.0
2026-01-05,XLF,47940000.0
2026-01-06,XLF,344570000.0
2026-01-07,XLF,136860000.0
2026-01-08,XLF,-51900000.0
2026-01-09,XLF,-23270000.0
2026-01-12,XLF,14000000.0
2026-01-13,XLF,50970000.0
2026-01-14,XLF,244520000.0
2026-01-15,XLF,165770000.0
2026-01-16,XLF,154720000.0
2026-01-19,XLF,0.0
2026-01-20,XLF,78710000.0
2026-01-21,XLF,-45220000.0
2026-01-22,XLF,48760000.0
2026-01-23,XLF,141850000.0
2026-01-26,XLF,78700000.0
2026-01-27,XLF,305110000.0
2026-01-28,XLF,141540000.0
2026-01-29,XLF,82560000.0
2026-01-30,XLF,752680000.0
2026-02-02,XLF,-56110000.0
2026-02-03,XLF,240180000.0
2026-02-04,XLF,325460000.0
2026-02-05,XLF,303690000.0
2026-02-06,XLF,107110000.0
2026-02-09,XLF,-21300000.0
2026-02-10,XLF,136790000.0
2026-02-11,XLF,0.0
2026-02-12,XLF,151210000.0
2026-02-13,XLF,134910000.0
2026-02-16,XLF,0.0
2026-02-17,XLF,46200000.0
2026-02-18,XLF,83290000.0
2026-02-19,XLF,178060000.0
2026-02-20,XLF,405510000.0
2026-02-23,XLF,27440000.0
2026-02-24,XLF,-33070000.0
2026-02-25,XLF,-294840000.0
2026-02-26,XLF,60350000.0
2026-02-27,XLF,-170630000.0
2026-03-02,XLF,413670000.0
2026-03-03,XLF,322300000.0
2026-03-04,XLF,90450000.0
2026-03-05,XLF,-126420000.0
2026-03-06,XLF,248620000.0
2026-03-09,XLF,11310000.0
2026-03-10,XLF,-39430000.0
2026-03-11,XLF,230810000.0
2026-03-12,XLF,5700000.0
2026-03-13,XLF,86270000.0
2026-03-16,XLF,28840000.0
2026-03-17,XLF,-5790000.0
2026-03-18,XLF,207670000.0
2026-03-19,XLF,-143180000.0
2026-03-20,XLF,204870000.0
2026-03-23,XLF,-519060000.0
2026-03-24,XLF,-125200000.0
2026-03-25,XLF,48660000.0
2026-03-26,XLF,-106000000.0
2026-03-27,XLF,498440000.0
2026-03-30,XLF,-227292002.8686523
2026-03-31,XLF,-339928495.7885742
2026-01-02,XLI,-15480000.0
2026-01-05,XLI,178820000.0
2026-01-06,XLI,54250000.0
2026-01-07,XLI,616380000.0
2026-01-08,XLI,239470000.0
2026-01-09,XLI,23730000.0
2026-01-12,XLI,86500000.0
2026-01-13,XLI,62950000.0
2026-01-14,XLI,-78380000.0
2026-01-15,XLI,39460000.0
2026-01-16,XLI,235450000.0
2026-01-19,XLI,0.0
2026-01-20,XLI,-70080000.0
2026-01-21,XLI,163190000.0
2026-01-22,XLI,15820000.0
2026-01-23,XLI,-102890000.0
2026-01-26,XLI,-110230000.0
2026-01-27,XLI,-15810000.0
2026-01-28,XLI,-7770000.0
2026-01-29,XLI,-54000000.0
2026-01-30,XLI,38470000.0
2026-02-02,XLI,-15470000.0
2026-02-03,XLI,101200000.0
2026-02-04,XLI,184950000.0
2026-02-05,XLI,70210000.0
2026-02-06,XLI,139430000.0
2026-02-09,XLI,-63080000.0
2026-02-10,XLI,-78170000.0
2026-02-11,XLI,-38840000.0
2026-02-12,XLI,-281320000.0
2026-02-13,XLI,-101420000.0
2026-02-16,XLI,0.0
2026-02-17,XLI,212870000.0
2026-02-18,XLI,47210000.0
2026-02-19,XLI,-78850000.0
2026-02-20,XLI,-55040000.0
2026-02-23,XLI,-62710000.0
2026-02-24,XLI,126860000.0
2026-02-25,XLI,78910000.0
2026-02-26,XLI,157780000.0
2026-02-27,XLI,330580000.0
2026-03-02,XLI,-184240000.0
2026-03-03,XLI,-95160000.0
2026-03-04,XLI,-337100000.0
2026-03-05,XLI,78550000.0
2026-03-06,XLI,-277190000.0
2026-03-09,XLI,-114600000.0
2026-03-10,XLI,-54000000.0
2026-03-11,XLI,-84260000.0
2026-03-12,XLI,-22930000.0
2026-03-13,XLI,-120160000.0
2026-03-16,XLI,-44940000.0
2026-03-17,XLI,188740000.0
2026-03-18,XLI,7480000.0
2026-03-19,XLI,169270000.0
2026-03-20,XLI,-14660000.0
2026-03-23,XLI,217970000.0
2026-03-24,XLI,188190000.0
2026-03-25,XLI,-246190000.0
2026-03-26,XLI,131610000.0
2026-03-27,XLI,-262340000.0
2026-03-30,XLI,180101500.7019043
2026-03-31,XLI,144800999.4506836
2026-01-02,XLK,-201530000.0
2026-01-05,XLK,339120000.0
2026-01-06,XLK,-216960000.0
2026-01-07,XLK,-58670000.0
2026-01-08,XLK,197780000.0
2026-01-09,XLK,-21640000.0
2026-01-12,XLK,95010000.0
2026-01-13,XLK,-396340000.0
2026-01-14,XLK,329630000.0
2026-01-15,XLK,115740000.0
2026-01-16,XLK,-36360000.0
2026-01-19,XLK,0.0
2026-01-20,XLK,0.0
2026-01-21,XLK,-248210000.0
2026-01-22,XLK,-35960000.0
2026-01-23,XLK,-224600000.0
2026-01-26,XLK,-188610000.0
2026-01-27,XLK,-80370000.0
2026-01-28,XLK,429390000.0
2026-01-29,XLK,-89510000.0
2026-01-30,XLK,-506840000.0
2026-02-02,XLK,21580000.0
2026-02-03,XLK,-450340000.0
2026-02-04,XLK,-255680000.0
2026-02-05,XLK,75950000.0
2026-02-06,XLK,216960000.0
2026-02-09,XLK,-176400000.0
2026-02-10,XLK,-250930000.0
2026-02-11,XLK,-363420000.0
2026-02-12,XLK,-135810000.0
2026-02-13,XLK,299230000.0
2026-02-16,XLK,0.0
2026-02-17,XLK,293160000.0
2026-02-18,XLK,-209170000.0
2026-02-19,XLK,21140000.0
2026-02-20,XLK,7010000.0
2026-02-23,XLK,35220000.0
2026-02-24,XLK,734150000.0
2026-02-25,XLK,-694570000.0
2026-02-26,XLK,107240000.0
2026-02-27,XLK,-28200000.0
2026-03-02,XLK,-444080000.0
2026-03-03,XLK,314010000.0
2026-03-04,XLK,-144390000.0
2026-03-05,XLK,265780000.0
2026-03-06,XLK,35050000.0
2026-03-09,XLK,116710000.0
2026-03-10,XLK,-656950000.0
2026-03-11,XLK,894510000.0
2026-03-12,XLK,-189620000.0
2026-03-13,XLK,806180000.0
2026-03-16,XLK,-540320000.0
2026-03-17,XLK,152680000.0
2026-03-18,XLK,55810000.0
2026-03-19,XLK,-434640000.0
2026-03-20,XLK,-89990000.0
2026-03-23,XLK,-378700000.0
2026-03-24,XLK,184940000.0
2026-03-25,XLK,-34040000.0
2026-03-26,XLK,184630000.0
2026-03-27,XLK,-26500000.0
2026-03-30,XLK,-25500000.0
2026-03-31,XLK,19813499.450683594
2026-01-02,XLP,29850000.0
2026-01-05,XLP,-260430000.0
2026-01-06,XLP,78210000.0
2026-01-07,XLP,-308810000.0
2026-01-08,XLP,-30230000.0
2026-01-09,XLP,-36880000.0
2026-01-12,XLP,-99540000.0
2026-01-13,XLP,-49810000.0
2026-01-14,XLP,-74530000.0
2026-01-15,XLP,73360000.0
2026-01-16,XLP,-165660000.0
2026-01-19,XLP,0.0
2026-01-20,XLP,12230000.0
2026-01-21,XLP,11910000.0
2026-01-22,XLP,-18210000.0
2026-01-23,XLP,-85850000.0
2026-01-26,XLP,6160000.0
2026-01-27,XLP,-30580000.0
2026-01-28,XLP,12270000.0
2026-01-29,XLP,-18270000.0
2026-01-30,XLP,121230000.0
2026-02-02,XLP,54520000.0
2026-02-03,XLP,-60990000.0
2026-02-04,XLP,-66540000.00000001
2026-02-05,XLP,-66080000.0
2026-02-06,XLP,-70550000.0
2026-02-09,XLP,-395310000.0
2026-02-10,XLP,47030000.0
2026-02-11,XLP,71000000.0
2026-02-12,XLP,-23560000.0
2026-02-13,XLP,-104540000.0
2026-02-16,XLP,0.0
2026-02-17,XLP,0.0
2026-02-18,XLP,-11600000.0
2026-02-19,XLP,11700000.0
2026-02-20,XLP,-17430000.0
2026-02-23,XLP,-5870000.0
2026-02-24,XLP,195450000.0
2026-02-25,XLP,134230000.0
2026-02-26,XLP,-40980000.0
2026-02-27,XLP,46820000.0
2026-03-02,XLP,17530000.0
2026-03-03,XLP,155860000.0
2026-03-04,XLP,-74320000.0
2026-03-05,XLP,215270000.0
2026-03-06,XLP,75750000.0
2026-03-09,XLP,0.0
2026-03-10,XLP,-97420000.0
2026-03-11,XLP,0.0
2026-03-12,XLP,0.0
2026-03-13,XLP,5580000.0
2026-03-16,XLP,-27720000.0
2026-03-17,XLP,5610000.0
2026-03-18,XLP,28290000.0
2026-03-19,XLP,55290000.0
2026-03-20,XLP,-5490000.0
2026-03-23,XLP,107720000.0
2026-03-24,XLP,88100000.0
2026-03-25,XLP,60320000.0
2026-03-26,XLP,-143960000.0
2026-03-27,XLP,-130560000.0
2026-03-30,XLP,-85973997.11608887
2026-03-31,XLP,-44811303.7109375
2026-01-02,XLRE,-29460000.0
2026-01-05,XLRE,83000000.0
2026-01-06,XLRE,23290000.0
2026-01-07,XLRE,142450000.0
2026-01-08,XLRE,9330000.0
2026-01-09,XLRE,47480000.0
2026-01-12,XLRE,21720000.0
2026-01-13,XLRE,-36390000.0
2026-01-14,XLRE,-85270000.0
2026-01-15,XLRE,-70670000.0
2026-01-16,XLRE,-24470000.0
2026-01-19,XLRE,0.0
2026-01-20,XLRE,0.0
2026-01-21,XLRE,-65069999.99999999
2026-01-22,XLRE,-29540000.0
2026-01-23,XLRE,123780000.0
2026-01-26,XLRE,39970000.0
2026-01-27,XLRE,10000000.0
2026-01-28,XLRE,54980000.0
2026-01-29,XLRE,-7500000.0
2026-01-30,XLRE,85040000.0
2026-02-02,XLRE,-14790000.0
2026-02-03,XLRE,99290000.0
2026-02-04,XLRE,139460000.0
2026-02-05,XLRE,28540000.0
2026-02-06,XLRE,-5050000.0
2026-02-09,XLRE,-77300000.0
2026-02-10,XLRE,39140000.0
2026-02-11,XLRE,-23810000.0
2026-02-12,XLRE,160830000.0
2026-02-13,XLRE,-31710000.0
2026-02-16,XLRE,0.0
2026-02-17,XLRE,55980000.0
2026-02-18,XLRE,126470000.0
2026-02-19,XLRE,18560000.0
2026-02-20,XLRE,66040000.00000001
2026-02-23,XLRE,74150000.0
2026-02-24,XLRE,111240000.0
2026-02-25,XLRE,34680000.0
2026-02-26,XLRE,-21220000.0
2026-02-27,XLRE,-185500000.0
2026-03-02,XLRE,29380000.0
2026-03-03,XLRE,2660000.0
2026-03-04,XLRE,20780000.0
2026-03-05,XLRE,38950000.0
2026-03-06,XLRE,-61010000.0
2026-03-09,XLRE,2490000.0
2026-03-10,XLRE,-67500000.0
2026-03-11,XLRE,-49880000.0
2026-03-12,XLRE,-72280000.0
2026-03-13,XLRE,-101860000.0
2026-03-16,XLRE,-56570000.0
2026-03-17,XLRE,-24690000.0
2026-03-18,XLRE,-14860000.0
2026-03-19,XLRE,116380000.0
2026-03-20,XLRE,76400000.0
2026-03-23,XLRE,-75190000.0
2026-03-24,XLRE,11890000.0
2026-03-25,XLRE,9690000.0
2026-03-26,XLRE,-34590000.0
2026-03-27,XLRE,-162040000.0
2026-03-30,XLRE,138724496.84143066
2026-03-31,XLRE,-16282000.732421875
2026-01-02,XLU,-5880000.0
2026-01-05,XLU,-105210000.0
2026-01-06,XLU,-5890000.0
2026-01-07,XLU,-23470000.0
2026-01-08,XLU,11710000.0
2026-01-09,XLU,-105720000.0
2026-01-12,XLU,76640000.0
2026-01-13,XLU,-11750000.0
2026-01-14,XLU,29220000.0
2026-01-15,XLU,-34990000.0
2026-01-16,XLU,162690000.0
2026-01-19,XLU,0.0
2026-01-20,XLU,23030000.0
2026-01-21,XLU,5670000.0
2026-01-22,XLU,-91680000.0
2026-01-23,XLU,29060000.0
2026-01-26,XLU,99420000.0
2026-01-27,XLU,111850000.0
2026-01-28,XLU,0.0
2026-01-29,XLU,-64180000.00000001
2026-01-30,XLU,149780000.0
2026-02-02,XLU,-42030000.0
2026-02-03,XLU,-71780000.0
2026-02-04,XLU,-88300000.0
2026-02-05,XLU,-40870000.0
2026-02-06,XLU,-168570000.0
2026-02-09,XLU,-5790000.0
2026-02-10,XLU,-111080000.0
2026-02-11,XLU,-47010000.0
2026-02-12,XLU,145950000.0
2026-02-13,XLU,0.0
2026-02-16,XLU,0.0
2026-02-17,XLU,-5730000.0
2026-02-18,XLU,-17150000.0
2026-02-19,XLU,51580000.0
2026-02-20,XLU,5750000.0
2026-02-23,XLU,-11680000.0
2026-02-24,XLU,46140000.0
2026-02-25,XLU,-11610000.0
2026-02-26,XLU,-11650000.0
2026-02-27,XLU,58350000.0
2026-03-02,XLU,11810000.0
2026-03-03,XLU,-123800000.0
2026-03-04,XLU,-241900000.0
2026-03-05,XLU,-53470000.0
2026-03-06,XLU,-130340000.0
2026-03-09,XLU,-52880000.0
2026-03-10,XLU,-129330000.0
2026-03-11,XLU,-252370000.0
2026-03-12,XLU,-64370000.00000001
2026-03-13,XLU,-178740000.0
2026-03-16,XLU,-234670000.0
2026-03-17,XLU,-34600000.0
2026-03-18,XLU,57690000.0
2026-03-19,XLU,-68200000.0
2026-03-20,XLU,-56580000.0
2026-03-23,XLU,-196430000.0
2026-03-24,XLU,67610000.0
2026-03-25,XLU,-11110000.0
2026-03-26,XLU,44580000.0
2026-03-27,XLU,190400000.0
2026-03-30,XLU,-41328044.27204895
2026-03-31,XLU,-27281955.262420654
2026-01-02,XLV,0.0
2026-01-05,XLV,158000000.0
2026-01-06,XLV,615240000.0
2026-01-07,XLV,-8100000.0
2026-01-08,XLV,31790000.0
2026-01-09,XLV,112130000.0
2026-01-12,XLV,-89080000.0
2026-01-13,XLV,0.0
2026-01-14,XLV,16399999.999999998
2026-01-15,XLV,-49270000.0
2026-01-16,XLV,-8289999.999999999
2026-01-19,XLV,0.0
2026-01-20,XLV,-191890000.0
2026-01-21,XLV,-147220000.0
2026-01-22,XLV,16640000.0
2026-01-23,XLV,-57930000.0
2026-01-26,XLV,-57470000.0
2026-01-27,XLV,-41090000.0
2026-01-28,XLV,8250000.0
2026-01-29,XLV,-41050000.0
2026-01-30,XLV,431260000.0
2026-02-02,XLV,-181950000.0
2026-02-03,XLV,393610000.0
2026-02-04,XLV,287280000.0
2026-02-05,XLV,8470000.0
2026-02-06,XLV,101020000.0
2026-02-09,XLV,147190000.0
2026-02-10,XLV,95560000.0
2026-02-11,XLV,17390000.0
2026-02-12,XLV,-26230000.0
2026-02-13,XLV,95010000.0
2026-02-16,XLV,0.0
2026-02-17,XLV,357140000.0
2026-02-18,XLV,157530000.0
2026-02-19,XLV,0.0
2026-02-20,XLV,88200000.0
2026-02-23,XLV,-8860000.0
2026-02-24,XLV,-113630000.0
2026-02-25,XLV,212360000.0
2026-02-26,XLV,166790000.0
2026-02-27,XLV,-167850000.0
2026-03-02,XLV,-106300000.0
2026-03-03,XLV,-17890000.0
2026-03-04,XLV,-192960000.0
2026-03-05,XLV,-237580000.0
2026-03-06,XLV,-266770000.0
2026-03-09,XLV,93480000.0
2026-03-10,XLV,-205120000.0
2026-03-11,XLV,-17000000.0
2026-03-12,XLV,25430000.0
2026-03-13,XLV,-41310000.0
2026-03-16,XLV,-164640000.0
2026-03-17,XLV,8300000.000000001
2026-03-18,XLV,-24970000.0
2026-03-19,XLV,74330000.0
2026-03-20,XLV,-213300000.0
2026-03-23,XLV,-16160000.0
2026-03-24,XLV,440210000.0
2026-03-25,XLV,98380000.0
2026-03-26,XLV,-272390000.0
2026-03-27,XLV,185450000.0
2026-03-30,XLV,-258876013.18359372
2026-03-31,XLV,14590499.877929688
2026-01-02,XLY,-58260000.0
2026-01-05,XLY,69930000.0
2026-01-06,XLY,-181760000.0
2026-01-07,XLY,0.0
2026-01-08,XLY,-76630000.0
2026-01-09,XLY,3920000.0
2026-01-12,XLY,27740000.0
2026-01-13,XLY,625520000.0
2026-01-14,XLY,401580000.0
2026-01-15,XLY,-135640000.0
2026-01-16,XLY,90590000.0
2026-01-19,XLY,0.0
2026-01-20,XLY,20530000.0
2026-01-21,XLY,-226570000.0
2026-01-22,XLY,-103020000.0
2026-01-23,XLY,-24690000.0
2026-01-26,XLY,111900000.0
2026-01-27,XLY,-281400000.0
2026-01-28,XLY,54050000.0
2026-01-29,XLY,-78210000.0
2026-01-30,XLY,110910000.0
2026-02-02,XLY,-175290000.0
2026-02-03,XLY,67580000.0
2026-02-04,XLY,90150000.0
2026-02-05,XLY,-60880000.0
2026-02-06,XLY,-512740000.0
2026-02-09,XLY,65950000.0
2026-02-10,XLY,157430000.0
2026-02-11,XLY,-74060000.0
2026-02-12,XLY,605540000.0
2026-02-13,XLY,-182940000.0
2026-02-16,XLY,0.0
2026-02-17,XLY,102940000.0
2026-02-18,XLY,17640000.0
2026-02-19,XLY,140910000.0
2026-02-20,XLY,26310000.0
2026-02-23,XLY,8790000.0
2026-02-24,XLY,84530000.0
2026-02-25,XLY,-152520000.0
2026-02-26,XLY,-262490000.0
2026-02-27,XLY,199930000.0
2026-03-02,XLY,-148510000.0
2026-03-03,XLY,26620000.0
2026-03-04,XLY,320320000.0
2026-03-05,XLY,-52320000.0
2026-03-06,XLY,217880000.0
2026-03-09,XLY,-291610000.0
2026-03-10,XLY,-287990000.0
2026-03-11,XLY,248630000.0
2026-03-12,XLY,63450000.0
2026-03-13,XLY,16850000.0
2026-03-16,XLY,4240000.0
2026-03-17,XLY,-407770000.0
2026-03-18,XLY,249780000.0
2026-03-19,XLY,-82640000.0
2026-03-20,XLY,270540000.0
2026-03-23,XLY,-638220000.0
2026-03-24,XLY,-44660000.0
2026-03-25,XLY,162180000.0
2026-03-26,XLY,0.0
2026-03-27,XLY,-85210000.0
2026-03-30,XLY,-126792004.39453124
2026-03-31,XLY,-21749000.549316406
