date,ticker,shares,price
2026-03-28,AGG,1398800000,
2026-03-30,AGG,1398800000,99.04000091552734
2026-03-31,AGG,1396800000,99.33499908447266
2026-04-01,AGG,1396800000,
2026-04-02,AGG,1387400000,
2026-04-03,AGG,1381700000,
2026-04-06,AGG,1381700000,
2026-04-07,AGG,1373700000,
2026-04-08,AGG,1373200000,
2026-04-09,AGG,1364400000,
2026-04-10,AGG,1364400000,
2026-04-13,AGG,1364400000,
2026-04-14,AGG,1365300000,
2026-04-15,AGG,1365500000,
2026-04-16,AGG,1365800000,
2026-04-17,AGG,1365800000,
2026-04-20,AGG,1366000000,
2026-04-21,AGG,1366000000,
2026-04-22,AGG,1366300000,
2026-04-23,AGG,1366300000,
2026-04-24,AGG,1366400000,
2026-04-27,AGG,1366700000,99.5
2026-04-28,AGG,1366700000,
2026-04-29,AGG,1366500000,99.13500213623048
2026-04-30,AGG,1366300000,99.12000274658205
2026-05-01,AGG,1366300000,
2026-05-04,AGG,1365300000,98.72699737548828
2026-05-05,AGG,1369800000,
2026-05-06,AGG,1369800000,
2026-03-30,ARKK,88800000,63.52000045776367
2026-03-31,ARKK,88800000,67.30999755859375
2026-04-01,ARKK,88800000,
2026-04-02,ARKK,88800000,
2026-04-03,ARKK,88800000,
2026-04-06,ARKK,88800000,
2026-04-07,ARKK,87800000,
2026-04-08,ARKK,87750000,
2026-04-09,ARKK,86700000,
2026-04-10,ARKK,87000000,
2026-04-13,ARKK,86350000,
2026-04-14,ARKK,86500000,
2026-04-15,ARKK,87200000,
2026-04-16,ARKK,89450000,
2026-04-17,ARKK,89650000,
2026-04-20,ARKK,89750000,
2026-04-21,ARKK,89200000,
2026-04-22,ARKK,90750000,
2026-04-23,ARKK,93000000,
2026-04-24,ARKK,93000000,
2026-04-27,ARKK,105700000,76.47000122070312
2026-04-28,ARKK,105700000,
2026-04-29,ARKK,130800000,73.41999816894531
2026-04-30,ARKK,91850000,74.54000091552734
2026-05-01,ARKK,85600000,
2026-05-04,ARKK,85600000,77.88999938964844
2026-05-05,ARKK,85600000,
2026-05-06,ARKK,85300000,
2026-03-30,BKLN,305900000,20.309999465942383
2026-03-31,BKLN,305900000,20.420000076293945
2026-04-01,BKLN,305900000,
2026-04-02,BKLN,305900000,
2026-04-03,BKLN,305900000,
2026-04-06,BKLN,305900000,
2026-04-07,BKLN,307200000,
2026-04-08,BKLN,308300000,
2026-04-09,BKLN,308600000,
2026-04-10,BKLN,309200000,
2026-04-13,BKLN,311800000,
2026-04-14,BKLN,311800000,
2026-04-15,BKLN,312400000,
2026-04-16,BKLN,312800000,
2026-04-17,BKLN,317400000,
2026-04-20,BKLN,318500000,
2026-04-21,BKLN,318500000,
2026-04-22,BKLN,322200000,
2026-04-23,BKLN,322200000,
2026-04-24,BKLN,323300000,
2026-04-27,BKLN,326200000,20.53499984741211
2026-04-28,BKLN,326200000,
2026-04-29,BKLN,326400000,20.545000076293945
2026-04-30,BKLN,326300000,20.57999992370605
2026-05-01,BKLN,327300000,
2026-05-04,BKLN,332500000,20.584999084472656
2026-05-05,BKLN,333700000,
2026-05-06,BKLN,333700000,
2026-03-30,BND,2057623018,73.4800033569336
2026-03-31,BND,2057623018,73.68499755859375
2026-04-01,BND,2057623018,
2026-04-02,BND,2057623018,
2026-04-03,BND,2057623018,
2026-04-06,BND,2057623018,
2026-04-07,BND,2058723018,
2026-04-08,BND,2060023018,
2026-04-09,BND,2061423018,
2026-04-10,BND,2062223018,
2026-04-13,BND,2063123018,
2026-04-14,BND,2065523018,
2026-04-15,BND,2065323018,
2026-04-16,BND,2066323018,
2026-04-17,BND,2066323018,
2026-04-20,BND,2069623018,
2026-04-21,BND,2069623018,
2026-04-22,BND,2072823018,
2026-04-23,BND,2073623018,
2026-04-24,BND,2074723018,
2026-04-27,BND,2077723018,73.80500030517578
2026-04-28,BND,2077723018,
2026-04-29,BND,2080323018,73.51000213623047
2026-04-30,BND,2083123018,73.5199966430664
2026-05-01,BND,2085123018,
2026-05-04,BND,2087023018,73.20999908447266
2026-05-05,BND,2088823018,
2026-05-06,BND,2088823018,
2026-03-28,DIA,90190000,
2026-03-30,DIA,89940000,452.05999755859375
2026-03-31,DIA,89940000,461.6600036621094
2026-04-01,DIA,90140000,
2026-04-02,DIA,89690000,
2026-04-03,DIA,89690000,
2026-04-06,DIA,92290000,
2026-04-07,DIA,92240000,
2026-04-08,DIA,92140000,
2026-04-09,DIA,91890000,
2026-04-10,DIA,92440000,
2026-04-13,DIA,92040000,
2026-04-14,DIA,89640000,
2026-04-15,DIA,89640000,
2026-04-16,DIA,90240000,
2026-04-17,DIA,90090000,
2026-03-28,EEM,442800000,
2026-03-30,EEM,442800000,54.75
2026-03-31,EEM,442800000,56.20000076293945
2026-04-01,EEM,442800000,
2026-04-02,EEM,442800000,
2026-04-03,EEM,442800000,
2026-04-06,EEM,442800000,
2026-04-07,EEM,442800000,
2026-04-08,EEM,442800000,
2026-04-09,EEM,442800000,
2026-04-10,EEM,442800000,
2026-04-13,EEM,442800000,
2026-04-14,EEM,442800000,
2026-04-15,EEM,442800000,
2026-04-16,EEM,442800000,
2026-04-17,EEM,442800000,
2026-04-20,EEM,442800000,
2026-04-21,EEM,442800000,
2026-04-22,EEM,442800000,
2026-04-23,EEM,442800000,
2026-04-24,EEM,442800000,
2026-04-27,EEM,442800000,63.84999847412109
2026-04-28,EEM,442800000,
2026-04-29,EEM,442800000,62.875
2026-04-30,EEM,442800000,63.06999969482422
2026-05-01,EEM,442800000,
2026-05-04,EEM,442800000,64.7300033569336
2026-05-05,EEM,442800000,
2026-05-06,EEM,442800000,
2026-03-28,EFA,738000000,
2026-03-30,EFA,738000000,94.06999969482422
2026-03-31,EFA,738000000,96.37999725341795
2026-04-01,EFA,738000000,
2026-04-02,EFA,738000000,
2026-04-03,EFA,738000000,
2026-04-06,EFA,738000000,
2026-04-07,EFA,738000000,
2026-04-08,EFA,738000000,
2026-04-09,EFA,738000000,
2026-04-10,EFA,738000000,
2026-04-13,EFA,738000000,
2026-04-14,EFA,738000000,
2026-04-15,EFA,738000000,
2026-04-16,EFA,738000000,
2026-04-17,EFA,738000000,
2026-04-20,EFA,738000000,
2026-04-21,EFA,738000000,
2026-04-22,EFA,738000000,
2026-04-23,EFA,738000000,
2026-04-24,EFA,738000000,
2026-04-27,EFA,738000000,101.88999938964844
2026-04-28,EFA,738000000,
2026-04-29,EFA,738000000,100.04000091552734
2026-04-30,EFA,738000000,101.23999786376952
2026-05-01,EFA,738000000,
2026-05-04,EFA,738000000,101.58499908447266
2026-05-05,EFA,738000000,
2026-05-06,EFA,738000000,
2026-03-28,EMB,153400000,
2026-03-30,EMB,153400000,93.11000061035156
2026-03-31,EMB,152500000,93.98999786376952
2026-04-01,EMB,150900000,
2026-04-02,EMB,147700000,
2026-04-03,EMB,147700000,
2026-04-06,EMB,147700000,
2026-04-07,EMB,147700000,
2026-04-08,EMB,147700000,
2026-04-09,EMB,147100000,
2026-04-10,EMB,149600000,
2026-04-13,EMB,150400000,
2026-04-14,EMB,150900000,
2026-04-15,EMB,150700000,
2026-04-16,EMB,151200000,
2026-04-17,EMB,151200000,
2026-04-20,EMB,152600000,
2026-04-21,EMB,153500000,
2026-04-22,EMB,153500000,
2026-04-23,EMB,153500000,
2026-04-24,EMB,152200000,
2026-04-27,EMB,152700000,
2026-04-28,EMB,150800000,
2026-04-29,EMB,150100000,95.5749969482422
2026-04-30,EMB,151300000,95.73999786376952
2026-05-01,EMB,151700000,
2026-05-04,EMB,150400000,95.5199966430664
2026-05-05,EMB,150400000,
2026-05-06,EMB,147900000,
2026-03-28,EWJ,220800000,
2026-03-30,EWJ,220800000,81.5199966430664
2026-03-31,EWJ,214200000,83.79000091552734
2026-04-01,EWJ,217200000,
2026-04-02,EWJ,220200000,
2026-04-03,EWJ,220200000,
2026-04-06,EWJ,220200000,
2026-04-07,EWJ,220200000,
2026-04-08,EWJ,220200000,
2026-04-09,EWJ,220200000,
2026-04-10,EWJ,225300000,
2026-04-13,EWJ,224400000,
2026-04-14,EWJ,224550000,
2026-04-15,EWJ,224550000,
2026-04-16,EWJ,225900000,
2026-04-17,EWJ,229800000,
2026-04-20,EWJ,230850000,
2026-04-21,EWJ,231750000,
2026-04-22,EWJ,231750000,
2026-04-23,EWJ,231750000,
2026-04-24,EWJ,233700000,
2026-04-27,EWJ,233700000,88.06999969482422
2026-04-28,EWJ,233700000,
2026-04-29,EWJ,234450000,86.83999633789062
2026-04-30,EWJ,234450000,88.12999725341797
2026-05-01,EWJ,234450000,
2026-05-04,EWJ,231600000,88.69000244140625
2026-05-05,EWJ,227400000,
2026-05-06,EWJ,227400000,
2026-03-28,EWZ,254600000,
2026-03-30,EWZ,254600000,36.77000045776367
2026-03-31,EWZ,254600000,38.150001525878906
2026-04-01,EWZ,254600000,
2026-04-02,EWZ,254600000,
2026-04-03,EWZ,254600000,
2026-04-06,EWZ,254600000,
2026-04-07,EWZ,255700000,
2026-04-08,EWZ,256900000,
2026-04-09,EWZ,256900000,
2026-04-10,EWZ,256900000,
2026-04-13,EWZ,259550000,
2026-04-14,EWZ,265400000,
2026-04-15,EWZ,273550000,
2026-04-16,EWZ,278550000,
2026-04-17,EWZ,285300000,
2026-04-20,EWZ,285300000,
2026-04-21,EWZ,288700000,
2026-04-22,EWZ,290700000,
2026-04-23,EWZ,290700000,
2026-04-24,EWZ,291800000,
2026-04-27,EWZ,291800000,40.20000076293945
2026-04-28,EWZ,291800000,
2026-04-29,EWZ,291800000,39.060001373291016
2026-04-30,EWZ,291800000,39.15999984741211
2026-05-01,EWZ,291800000,
2026-05-04,EWZ,291800000,39.68000030517578
2026-05-05,EWZ,291800000,
2026-05-06,EWZ,291800000,
2026-03-28,FXI,165600000,
2026-03-30,FXI,165600000,35.0
2026-03-31,FXI,165600000,35.630001068115234
2026-04-01,FXI,165600000,
2026-04-02,FXI,165600000,
2026-04-03,FXI,165600000,
2026-04-06,FXI,165600000,
2026-04-07,FXI,165600000,
2026-04-08,FXI,165600000,
2026-04-09,FXI,165600000,
2026-04-10,FXI,165600000,
2026-04-13,FXI,165600000,
2026-04-14,FXI,165600000,
2026-04-15,FXI,165600000,
2026-04-16,FXI,165600000,
2026-04-17,FXI,165150000,
2026-04-20,FXI,165150000,
2026-04-21,FXI,165150000,
2026-04-22,FXI,165150000,
2026-04-23,FXI,165150000,
2026-04-24,FXI,165150000,
2026-04-27,FXI,165150000,36.525001525878906
2026-04-28,FXI,165150000,
2026-04-29,FXI,165150000,36.38999938964844
2026-04-30,FXI,165150000,36.31499862670898
2026-05-01,FXI,165150000,
2026-05-04,FXI,165150000,36.665000915527344
2026-05-05,FXI,165150000,
2026-05-06,FXI,164700000,
2026-03-30,GDX,310002500,85.79000091552734
2026-03-31,GDX,310002500,91.06990051269533
2026-04-01,GDX,310002500,
2026-04-02,GDX,310002500,
2026-04-03,GDX,310002500,
2026-04-06,GDX,307902500,
2026-04-07,GDX,309952500,
2026-04-08,GDX,309952500,
2026-04-09,GDX,309952500,
2026-04-10,GDX,310952500,
2026-04-13,GDX,310552500,
2026-04-14,GDX,310552500,
2026-04-15,GDX,310552500,
2026-04-16,GDX,310502500,
2026-04-17,GDX,310502500,
2026-04-20,GDX,311152500,
2026-04-21,GDX,311152500,
2026-04-22,GDX,311152500,
2026-04-23,GDX,311152500,
2026-04-24,GDX,311152500,
2026-04-27,GDX,310802500,93.1500015258789
2026-04-28,GDX,310802500,
2026-04-29,GDX,308452500,86.79499816894531
2026-04-30,GDX,308252500,87.69999694824219
2026-05-01,GDX,308402500,
2026-05-04,GDX,308252500,87.05999755859375
2026-05-05,GDX,305202500,
2026-05-06,GDX,305202500,
2026-03-30,GDXJ,76237446,110.61000061035156
2026-03-31,GDXJ,76237446,118.51000213623048
2026-04-01,GDXJ,76237446,
2026-04-02,GDXJ,76237446,
2026-04-03,GDXJ,76237446,
2026-04-06,GDXJ,76237446,
2026-04-07,GDXJ,75987446,
2026-04-08,GDXJ,76287446,
2026-04-09,GDXJ,76037446,
2026-04-10,GDXJ,76037446,
2026-04-13,GDXJ,75787446,
2026-04-14,GDXJ,75437446,
2026-04-15,GDXJ,75437446,
2026-04-16,GDXJ,74987446,
2026-04-17,GDXJ,75187446,
2026-04-20,GDXJ,75187446,
2026-04-21,GDXJ,75087446,
2026-04-22,GDXJ,75187446,
2026-04-23,GDXJ,75187446,
2026-04-24,GDXJ,75237446,
2026-04-27,GDXJ,75237446,122.23999786376952
2026-04-28,GDXJ,75237446,
2026-04-29,GDXJ,74737446,113.91999816894533
2026-04-30,GDXJ,74837446,115.6750030517578
2026-05-01,GDXJ,74837446,
2026-05-04,GDXJ,74587446,114.99500274658205
2026-05-05,GDXJ,74187446,
2026-05-06,GDXJ,74187446,
2026-03-28,GLD,368300000,
2026-03-30,GLD,367200000,414.5799865722656
2026-03-31,GLD,366000000,428.5199890136719
2026-04-01,GLD,366400000,
2026-04-02,GLD,367700000,
2026-04-03,GLD,367700000,
2026-04-06,GLD,367700000,
2026-04-07,GLD,368900000,
2026-04-08,GLD,368900000,
2026-04-09,GLD,368400000,
2026-04-10,GLD,368200000,
2026-04-13,GLD,367100000,
2026-04-14,GLD,366500000,
2026-04-15,GLD,367300000,
2026-04-16,GLD,368100000,
2026-04-17,GLD,368500000,
2026-03-28,GLDM,324150000,
2026-03-30,GLDM,324150000,89.31999969482422
2026-03-31,GLDM,324750000,92.30500030517578
2026-04-01,GLDM,324750000,
2026-04-02,GLDM,325250000,
2026-04-03,GLDM,325250000,
2026-04-06,GLDM,325250000,
2026-04-07,GLDM,325750000,
2026-04-08,GLDM,326350000,
2026-04-09,GLDM,329950000,
2026-04-10,GLDM,331550000,
2026-04-13,GLDM,331550000,
2026-04-14,GLDM,332450000,
2026-04-15,GLDM,333550000,
2026-04-16,GLDM,334250000,
2026-04-17,GLDM,334750000,
2026-03-28,GSG,31700000,
2026-03-30,GSG,31700000,32.58000183105469
2026-03-31,GSG,31850000,32.224998474121094
2026-04-01,GSG,32050000,
2026-04-02,GSG,30950000,
2026-04-03,GSG,31950000,
2026-04-06,GSG,31950000,
2026-04-07,GSG,32700000,
2026-04-08,GSG,32700000,
2026-04-09,GSG,32700000,
2026-04-10,GSG,31500000,
2026-04-13,GSG,31100000,
2026-04-14,GSG,30800000,
2026-04-15,GSG,30200000,
2026-04-16,GSG,30400000,
2026-04-17,GSG,30400000,
2026-04-20,GSG,30250000,
2026-04-21,GSG,30900000,
2026-04-22,GSG,31000000,
2026-04-23,GSG,31000000,
2026-04-24,GSG,31000000,
2026-04-27,GSG,31000000,32.81999969482422
2026-04-28,GSG,31000000,
2026-04-29,GSG,30850000,34.18000030517578
2026-04-30,GSG,30850000,34.11000061035156
2026-05-01,GSG,31100000,
2026-05-04,GSG,31150000,34.09000015258789
2026-05-05,GSG,31150000,
2026-05-06,GSG,31850000,
2026-03-28,HYG,207500000,
2026-03-30,HYG,207500000,78.80999755859375
2026-03-31,HYG,201400000,79.48999786376953
2026-04-01,HYG,206400000,
2026-04-02,HYG,206200000,
2026-04-03,HYG,208700000,
2026-04-06,HYG,208700000,
2026-04-07,HYG,209600000,
2026-04-08,HYG,210100000,
2026-04-09,HYG,204000000,
2026-04-10,HYG,209700000,
2026-04-13,HYG,212800000,
2026-04-14,HYG,210700000,
2026-04-15,HYG,210400000,
2026-04-16,HYG,213000000,
2026-04-17,HYG,218400000,
2026-04-20,HYG,217700000,
2026-04-21,HYG,209000000,
2026-04-22,HYG,205300000,
2026-04-23,HYG,211200000,
2026-04-24,HYG,212200000,
2026-04-27,HYG,216500000,80.45999908447266
2026-04-28,HYG,209700000,
2026-04-29,HYG,211500000,80.26499938964844
2026-04-30,HYG,213800000,80.25
2026-05-01,HYG,211300000,
2026-05-04,HYG,210300000,79.96499633789062
2026-05-05,HYG,209300000,
2026-05-06,HYG,206400000,
2026-03-30,IAU,810700000,84.93000030517578
2026-03-31,IAU,810700000,87.80000305175781
2026-04-01,IAU,810700000,
2026-04-02,IAU,810700000,
2026-04-03,IAU,810700000,
2026-04-06,IAU,810700000,
2026-04-07,IAU,818150000,
2026-04-08,IAU,818150000,
2026-04-09,IAU,818950000,
2026-04-10,IAU,822550000,
2026-04-13,IAU,823200000,
2026-04-14,IAU,823200000,
2026-04-15,IAU,823200000,
2026-04-16,IAU,823200000,
2026-04-17,IAU,822950000,
2026-04-20,IAU,822950000,
2026-04-21,IAU,822950000,
2026-04-22,IAU,822400000,
2026-04-23,IAU,823000000,
2026-04-24,IAU,823000000,
2026-04-27,IAU,823000000,88.37000274658203
2026-04-28,IAU,823000000,
2026-04-29,IAU,823000000,84.9000015258789
2026-04-30,IAU,823000000,86.9458999633789
2026-05-01,IAU,823600000,
2026-05-04,IAU,825900000,85.83499908447266
2026-05-05,IAU,825900000,
2026-05-06,IAU,824450000,
2026-03-28,IBB,48250000,
2026-03-30,IBB,48250000,161.86000061035156
2026-03-31,IBB,48250000,168.05999755859375
2026-04-01,IBB,48100000,
2026-04-02,IBB,48200000,
2026-04-03,IBB,48350000,
2026-04-06,IBB,48350000,
2026-04-07,IBB,48200000,
2026-04-08,IBB,48050000,
2026-04-09,IBB,48200000,
2026-04-10,IBB,48700000,
2026-04-13,IBB,48450000,
2026-04-14,IBB,48350000,
2026-04-15,IBB,48300000,
2026-04-16,IBB,48250000,
2026-04-17,IBB,49050000,
2026-04-20,IBB,48050000,
2026-04-21,IBB,48250000,
2026-04-22,IBB,47900000,
2026-04-23,IBB,47550000,
2026-04-24,IBB,48100000,
2026-04-27,IBB,48250000,169.6999969482422
2026-04-28,IBB,47500000,
2026-04-29,IBB,47600000,166.17999267578125
2026-04-30,IBB,47500000,166.90499877929688
2026-05-01,IBB,47100000,
2026-05-04,IBB,47400000,168.75999450683594
2026-05-05,IBB,47400000,
2026-05-06,IBB,47200000,
2026-03-28,IBIT,1385120000,
2026-03-30,IBIT,1385120000,37.68000030517578
2026-03-31,IBIT,1379720000,38.369998931884766
2026-04-01,IBIT,1379920000,
2026-04-02,IBIT,1382480000,
2026-04-03,IBIT,1380240000,
2026-04-06,IBIT,1380240000,
2026-04-07,IBIT,1380160000,
2026-04-08,IBIT,1384760000,
2026-04-09,IBIT,1384320000,
2026-04-10,IBIT,1385320000,
2026-04-13,IBIT,1391920000,
2026-04-14,IBIT,1395240000,
2026-04-15,IBIT,1396080000,
2026-04-16,IBIT,1401160000,
2026-04-17,IBIT,1408040000,
2026-04-20,IBIT,1409960000,
2026-04-21,IBIT,1416440000,
2026-04-22,IBIT,1422360000,
2026-04-23,IBIT,1423280000,
2026-04-24,IBIT,1428800000,
2026-04-27,IBIT,1432600000,
2026-04-28,IBIT,1433120000,
2026-04-29,IBIT,1433120000,43.39500045776367
2026-04-30,IBIT,1430520000,43.43999862670898
2026-05-01,IBIT,1429240000,
2026-05-04,IBIT,1429680000,44.72499847412109
2026-05-05,IBIT,1436080000,
2026-05-06,IBIT,1443480000,
2026-03-28,ICLN,118500000,
2026-03-30,ICLN,118500000,17.510000228881836
2026-03-31,ICLN,118500000,18.09499931335449
2026-04-01,ICLN,118500000,
2026-04-02,ICLN,118500000,
2026-04-03,ICLN,119000000,
2026-04-06,ICLN,119000000,
2026-04-07,ICLN,119000000,
2026-04-08,ICLN,119000000,
2026-04-09,ICLN,119000000,
2026-04-10,ICLN,119000000,
2026-04-13,ICLN,119000000,
2026-04-14,ICLN,119000000,
2026-04-15,ICLN,119200000,
2026-04-16,ICLN,119900000,
2026-04-17,ICLN,120200000,
2026-04-20,ICLN,121000000,
2026-04-21,ICLN,121000000,
2026-04-22,ICLN,121000000,
2026-04-23,ICLN,121000000,
2026-04-24,ICLN,121000000,
2026-04-27,ICLN,121000000,20.209999084472656
2026-04-28,ICLN,121000000,
2026-04-29,ICLN,121000000,20.200000762939453
2026-04-30,ICLN,121000000,20.39999961853028
2026-05-01,ICLN,121000000,
2026-05-04,ICLN,121700000,20.895000457763672
2026-05-05,ICLN,121700000,
2026-05-06,ICLN,124700000,
2026-03-28,IEF,508000000,
2026-03-30,IEF,508000000,95.2699966430664
2026-03-31,IEF,510300000,95.5
2026-04-01,IEF,512800000,
2026-04-02,IEF,510500000,
2026-04-03,IEF,514200000,
2026-04-06,IEF,514200000,
2026-04-07,IEF,519500000,
2026-04-08,IEF,519500000,
2026-04-09,IEF,519300000,
2026-04-10,IEF,518000000,
2026-04-13,IEF,511000000,
2026-04-14,IEF,509700000,
2026-04-15,IEF,509700000,
2026-04-16,IEF,509100000,
2026-04-17,IEF,509300000,
2026-04-20,IEF,508500000,
2026-04-21,IEF,508200000,
2026-04-22,IEF,508200000,
2026-04-23,IEF,508600000,
2026-04-24,IEF,508400000,
2026-04-27,IEF,509100000,95.43499755859376
2026-04-28,IEF,509400000,
2026-04-29,IEF,509400000,94.96499633789062
2026-04-30,IEF,510100000,95.0
2026-05-01,IEF,510400000,
2026-05-04,IEF,506500000,94.53500366210938
2026-05-05,IEF,506700000,
2026-05-06,IEF,507000000,
2026-03-28,IEMG,1879800000,
2026-03-30,IEMG,1879800000,67.31999969482422
2026-03-31,IEMG,1879800000,69.05500030517578
2026-04-01,IEMG,1879800000,
2026-04-02,IEMG,1879800000,
2026-04-03,IEMG,1879800000,
2026-04-06,IEMG,1879800000,
2026-04-07,IEMG,1879800000,
2026-04-08,IEMG,1879800000,
2026-04-09,IEMG,1883800000,
2026-04-10,IEMG,1883800000,
2026-04-13,IEMG,1883800000,
2026-04-14,IEMG,1883800000,
2026-04-15,IEMG,1883800000,
2026-04-16,IEMG,1883800000,
2026-04-17,IEMG,1883800000,
2026-04-20,IEMG,1883800000,
2026-04-21,IEMG,1883800000,
2026-04-22,IEMG,1883800000,
2026-04-23,IEMG,1883800000,
2026-04-24,IEMG,1883800000,
2026-04-27,IEMG,1883800000,78.33999633789062
2026-04-28,IEMG,1883800000,
2026-04-29,IEMG,1883800000,77.16500091552734
2026-04-30,IEMG,1883800000,77.43000030517578
2026-05-01,IEMG,1888800000,
2026-05-04,IEMG,1888800000,79.30500030517578
2026-05-05,IEMG,1888800000,
2026-05-06,IEMG,1888800000,
2026-03-28,INDA,13450000,
2026-03-30,INDA,13450000,45.41999816894531
2026-03-31,INDA,13450000,46.41999816894531
2026-04-01,INDA,13450000,
2026-04-02,INDA,13450000,
2026-04-03,INDA,13450000,
2026-04-06,INDA,13450000,
2026-04-07,INDA,13450000,
2026-04-08,INDA,13450000,
2026-04-09,INDA,13450000,
2026-04-10,INDA,13450000,
2026-04-13,INDA,13450000,
2026-04-14,INDA,13450000,
2026-04-15,INDA,13450000,
2026-04-16,INDA,13450000,
2026-04-17,INDA,13450000,
2026-04-20,INDA,13450000,
2026-04-21,INDA,13450000,
2026-04-22,INDA,13450000,
2026-04-23,INDA,13450000,
2026-04-24,INDA,13450000,
2026-04-27,INDA,13450000,49.47999954223633
2026-04-28,INDA,13450000,
2026-04-29,INDA,13450000,49.040000915527344
2026-04-30,INDA,13450000,49.0099983215332
2026-05-01,INDA,13450000,
2026-05-04,INDA,13450000,48.91999816894531
2026-05-05,INDA,13450000,
2026-05-06,INDA,13450000,
2026-03-28,IVV,1101750000,
2026-03-30,IVV,1101750000,634.9299926757812
2026-03-31,IVV,1101700000,650.2999877929688
2026-04-01,IVV,1102850000,
2026-04-02,IVV,1102250000,
2026-04-03,IVV,1102400000,
2026-04-06,IVV,1102400000,
2026-04-07,IVV,1096250000,
2026-04-08,IVV,1095400000,
2026-04-09,IVV,1095550000,
2026-04-10,IVV,1095650000,
2026-04-13,IVV,1094850000,
2026-04-14,IVV,1094550000,
2026-04-15,IVV,1096250000,
2026-04-16,IVV,1097650000,
2026-04-17,IVV,1097950000,
2026-04-20,IVV,1098300000,
2026-04-21,IVV,1098400000,
2026-04-22,IVV,1097850000,
2026-04-23,IVV,1097950000,
2026-04-24,IVV,1098100000,
2026-04-27,IVV,1100700000,716.4299926757812
2026-04-28,IVV,1100500000,
2026-04-29,IVV,1104850000,713.260009765625
2026-04-30,IVV,1104250000,716.260009765625
2026-05-01,IVV,1104700000,
2026-05-04,IVV,1107950000,723.9099731445312
2026-05-05,IVV,1108200000,
2026-05-06,IVV,1108600000,
2026-03-28,IWM,283800000,
2026-03-30,IWM,283800000,239.6100006103516
2026-03-31,IWM,282800000,246.6000061035156
2026-04-01,IWM,290100000,
2026-04-02,IWM,287750000,
2026-04-03,IWM,286100000,
2026-04-06,IWM,286100000,
2026-04-07,IWM,281750000,
2026-04-08,IWM,279700000,
2026-04-09,IWM,279750000,
2026-04-10,IWM,279850000,
2026-04-13,IWM,280200000,
2026-04-14,IWM,280350000,
2026-04-15,IWM,280700000,
2026-04-16,IWM,279900000,
2026-04-17,IWM,280550000,
2026-04-20,IWM,281150000,
2026-04-21,IWM,281850000,
2026-04-22,IWM,276900000,
2026-04-23,IWM,277150000,
2026-04-24,IWM,276700000,
2026-04-27,IWM,274400000,277.2237854003906
2026-04-28,IWM,274500000,
2026-04-29,IWM,275200000,272.67498779296875
2026-04-30,IWM,277700000,273.8099975585937
2026-05-01,IWM,276400000,
2026-05-04,IWM,278750000,278.6650085449219
2026-05-05,IWM,283600000,
2026-05-06,IWM,278750000,
2026-03-30,JAAA,531450000,50.5099983215332
2026-03-31,JAAA,531450000,50.345001220703125
2026-04-01,JAAA,531450000,
2026-04-02,JAAA,531450000,
2026-04-03,JAAA,531450000,
2026-04-06,JAAA,531450000,
2026-04-07,JAAA,529250000,
2026-04-08,JAAA,529250000,
2026-04-09,JAAA,529250000,
2026-04-10,JAAA,528850000,
2026-04-13,JAAA,529600000,
2026-04-14,JAAA,529600000,
2026-04-15,JAAA,530000000,
2026-04-16,JAAA,530000000,
2026-04-17,JAAA,530800000,
2026-04-20,JAAA,531250000,
2026-04-21,JAAA,531250000,
2026-04-22,JAAA,531550000,
2026-04-23,JAAA,533400000,
2026-04-24,JAAA,533400000,
2026-04-27,JAAA,534400000,50.66400146484375
2026-04-28,JAAA,534400000,
2026-04-29,JAAA,534400000,50.665000915527344
2026-04-30,JAAA,534400000,50.51499938964844
2026-05-01,JAAA,533000000,
2026-05-04,JAAA,536700000,50.53010177612305
2026-05-05,JAAA,538000000,
2026-05-06,JAAA,538000000,
2026-03-28,LQD,271400000,
2026-03-30,LQD,271400000,108.30999755859376
2026-03-31,LQD,271400000,108.94000244140624
2026-04-01,LQD,265300000,
2026-04-02,LQD,272600000,
2026-04-03,LQD,282900000,
2026-04-06,LQD,282900000,
2026-04-07,LQD,281500000,
2026-04-08,LQD,282700000,
2026-04-09,LQD,281300000,
2026-04-10,LQD,284300000,
2026-04-13,LQD,292500000,
2026-04-14,LQD,297800000,
2026-04-15,LQD,299100000,
2026-04-16,LQD,302100000,
2026-04-17,LQD,301700000,
2026-04-20,LQD,304700000,
2026-04-21,LQD,307000000,
2026-04-22,LQD,308300000,
2026-04-23,LQD,310900000,
2026-04-24,LQD,293700000,
2026-04-27,LQD,291600000,109.48999786376952
2026-04-28,LQD,279000000,
2026-04-29,LQD,281000000,108.88999938964844
2026-04-30,LQD,283400000,108.8499984741211
2026-05-01,LQD,284200000,
2026-05-04,LQD,289200000,108.375
2026-05-05,LQD,281000000,
2026-05-06,LQD,276100000,
2025-03-05,PSLV,518864992,11.09000015258789
2025-03-11,PSLV,528420992,11.140000343322754
2025-03-12,PSLV,518864992,11.300000190734863
2025-03-13,PSLV,518864992,11.520000457763672
2025-03-17,PSLV,518864992,11.609999656677246
2025-03-20,PSLV,518864992,11.510000228881836
2025-03-21,PSLV,518864992,11.289999961853027
2025-03-22,PSLV,518864992,
2025-03-26,PSLV,519975008,11.4399995803833
2025-03-27,PSLV,519975008,11.68000030517578
2025-03-31,PSLV,519975008,11.600000381469728
2025-04-01,PSLV,519975008,11.520000457763672
2025-04-05,PSLV,519975008,
2025-04-08,PSLV,519975008,10.079999923706056
2025-04-09,PSLV,519975008,10.380000114440918
2025-04-11,PSLV,519975008,10.760000228881836
2025-04-17,PSLV,519975008,10.960000038146973
2025-04-18,PSLV,519975008,
2025-04-22,PSLV,519975008,10.890000343322754
2025-04-23,PSLV,519975008,11.260000228881836
2025-04-24,PSLV,519975008,11.289999961853027
2025-04-26,PSLV,528876000,
2025-04-29,PSLV,519975008,11.029999732971191
2025-04-30,PSLV,525160992,10.949999809265137
2025-05-01,PSLV,519975008,10.84000015258789
2025-05-07,PSLV,519975008,10.880000114440918
2025-05-08,PSLV,519975008,10.869999885559082
2025-05-13,PSLV,519975008,11.050000190734863
2025-05-14,PSLV,519975008,10.789999961853027
2025-05-22,PSLV,526905984,11.109999656677246
2025-05-27,PSLV,530201984,11.1899995803833
2025-05-28,PSLV,526905984,11.100000381469728
2025-05-29,PSLV,526905984,11.229999542236328
2025-06-09,PSLV,526905984,12.300000190734863
2025-07-23,PSLV,526905984,13.3100004196167
2025-07-25,PSLV,526905984,12.9399995803833
2025-07-26,PSLV,526905984,
2025-07-29,PSLV,526905984,12.93000030517578
2025-08-01,PSLV,526905984,12.520000457763672
2025-08-05,PSLV,526905984,12.850000381469728
2025-08-06,PSLV,526905984,12.829999923706056
2025-08-07,PSLV,527728000,12.970000267028809
2025-08-08,PSLV,526905984,13.0
2025-08-27,PSLV,554899968,13.050000190734863
2025-08-29,PSLV,554899968,13.479999542236328
2025-09-03,PSLV,554899968,13.859999656677246
2025-09-05,PSLV,559745984,13.859999656677246
2025-09-20,PSLV,554899927,
2025-09-24,PSLV,554899927,14.68000030517578
2025-09-26,PSLV,554899927,15.539999961853027
2025-10-01,PSLV,554899927,15.9399995803833
2025-10-08,PSLV,564217276,16.450000762939453
2025-10-09,PSLV,554899927,16.43000030517578
2025-10-10,PSLV,554899927,16.6200008392334
2025-10-16,PSLV,554899927,18.06999969482422
2025-10-17,PSLV,554899927,17.270000457763672
2025-10-18,PSLV,554899927,
2025-10-22,PSLV,600070240,16.020000457763672
2025-10-23,PSLV,554899927,16.1200008392334
2025-10-24,PSLV,554899927,16.020000457763672
2025-10-25,PSLV,554899927,
2025-10-27,PSLV,580254362,15.31999969482422
2025-10-28,PSLV,554899927,15.420000076293944
2025-10-29,PSLV,554899927,15.670000076293944
2025-10-31,PSLV,554899927,16.110000610351562
2025-11-01,PSLV,554899927,
2025-11-05,PSLV,554899927,15.949999809265137
2025-11-06,PSLV,554899927,15.90999984741211
2025-11-11,PSLV,580894213,17.0
2025-11-13,PSLV,580894213,17.260000228881836
2025-11-14,PSLV,580894213,16.729999542236328
2025-11-15,PSLV,599296719,
2025-11-17,PSLV,580894213,16.540000915527344
2026-01-07,PSLV,605116964,26.020000457763672
2026-01-23,PSLV,637772285,33.220001220703125
2026-03-30,QQQ,645300000,558.280029296875
2026-03-31,QQQ,645300000,574.635009765625
2026-04-01,QQQ,645300000,
2026-04-02,QQQ,645300000,
2026-04-03,QQQ,645300000,
2026-04-06,QQQ,645300000,
2026-04-07,QQQ,642750000,
2026-04-08,QQQ,639250000,
2026-04-09,QQQ,644300000,
2026-04-10,QQQ,643100000,
2026-04-13,QQQ,646200000,
2026-04-14,QQQ,646200000,
2026-04-15,QQQ,648050000,
2026-04-16,QQQ,648650000,
2026-04-17,QQQ,649850000,
2026-04-20,QQQ,656500000,
2026-04-21,QQQ,656500000,
2026-04-22,QQQ,655550000,
2026-04-23,QQQ,655500000,
2026-04-24,QQQ,657350000,
2026-04-27,QQQ,655450000,663.8400268554688
2026-04-28,QQQ,655450000,
2026-04-29,QQQ,651550000,657.9837036132812
2026-04-30,QQQ,652850000,662.1599731445312
2026-05-01,QQQ,654450000,
2026-05-04,QQQ,658600000,675.510009765625
2026-05-05,QQQ,658600000,
2026-05-06,QQQ,653750000,
2026-03-28,SHY,299000000,
2026-03-30,SHY,299000000,82.5
2026-03-31,SHY,299900000,82.56500244140625
2026-04-01,SHY,299800000,
2026-04-02,SHY,300600000,
2026-04-03,SHY,304200000,
2026-04-06,SHY,304200000,
2026-04-07,SHY,306900000,
2026-04-08,SHY,307200000,
2026-04-09,SHY,307400000,
2026-04-10,SHY,308800000,
2026-04-13,SHY,311400000,
2026-04-14,SHY,310500000,
2026-04-15,SHY,310500000,
2026-04-16,SHY,311000000,
2026-04-17,SHY,311000000,
2026-04-20,SHY,311200000,
2026-04-21,SHY,311700000,
2026-04-22,SHY,311700000,
2026-04-23,SHY,311900000,
2026-04-24,SHY,310900000,
2026-04-27,SHY,309500000,82.55999755859375
2026-04-28,SHY,308500000,
2026-04-29,SHY,307500000,82.45500183105469
2026-04-30,SHY,306200000,82.45500183105469
2026-05-01,SHY,304200000,
2026-05-04,SHY,304600000,82.1906967163086
2026-05-05,SHY,304300000,
2026-05-06,SHY,303900000,
2026-03-28,SLV,546900000,
2026-03-30,SLV,542600000,63.52000045776367
2026-03-31,SLV,542600000,67.93000030517578
2026-04-01,SLV,542100000,
2026-04-02,SLV,542000000,
2026-04-03,SLV,542000000,
2026-04-06,SLV,542000000,
2026-04-07,SLV,542000000,
2026-04-08,SLV,542000000,
2026-04-09,SLV,544400000,
2026-04-10,SLV,543600000,
2026-04-13,SLV,542950000,
2026-04-14,SLV,542250000,
2026-04-15,SLV,542900000,
2026-04-16,SLV,541650000,
2026-04-17,SLV,542150000,
2026-04-20,SLV,543650000,
2026-04-21,SLV,542550000,
2026-04-22,SLV,542550000,
2026-04-23,SLV,539800000,
2026-04-24,SLV,537500000,
2026-04-27,SLV,538100000,68.24500274658203
2026-04-28,SLV,538100000,
2026-04-29,SLV,538100000,64.55500030517578
2026-04-30,SLV,535900000,66.18499755859375
2026-05-01,SLV,534900000,
2026-05-04,SLV,534100000,66.77989959716797
2026-05-05,SLV,534100000,
2026-05-06,SLV,534900000,
2026-03-28,SOXX,62800000,
2026-03-30,SOXX,62800000,309.7900085449219
2026-03-31,SOXX,63000000,325.989990234375
2026-04-01,SOXX,62600000,
2026-04-02,SOXX,61500000,
2026-04-03,SOXX,62950000,
2026-04-06,SOXX,62950000,
2026-04-07,SOXX,62000000,
2026-04-08,SOXX,62500000,
2026-04-09,SOXX,62750000,
2026-04-10,SOXX,62600000,
2026-04-13,SOXX,64100000,
2026-04-14,SOXX,64300000,
2026-04-15,SOXX,65050000,
2026-04-16,SOXX,66650000,
2026-04-17,SOXX,66300000,
2026-04-20,SOXX,66500000,
2026-04-21,SOXX,67750000,
2026-04-22,SOXX,66600000,
2026-04-23,SOXX,66450000,
2026-04-24,SOXX,64200000,
2026-04-27,SOXX,65900000,462.0
2026-04-28,SOXX,65100000,
2026-04-29,SOXX,64700000,444.7999877929688
2026-04-30,SOXX,64800000,454.9101867675781
2026-05-01,SOXX,64050000,
2026-05-04,SOXX,64700000,466.760009765625
2026-05-05,SOXX,64650000,
2026-05-06,SOXX,65150000,
2026-03-28,SPY,1001130000,
2026-03-30,SPY,1003630000,631.969970703125
2026-03-31,SPY,999580000,647.280029296875
2026-04-01,SPY,1001830000,
2026-04-02,SPY,997130000,
2026-04-03,SPY,997130000,
2026-04-06,SPY,996030000,
2026-04-07,SPY,994480000,
2026-04-08,SPY,1000330000,
2026-04-09,SPY,1003630000,
2026-04-10,SPY,1014330000,
2026-04-13,SPY,1014530000,
2026-04-14,SPY,1013980000,
2026-04-15,SPY,1011580000,
2026-04-16,SPY,1012530000,
2026-04-17,SPY,1014330000,
2026-03-28,SRLN,121100000,
2026-03-30,SRLN,121100000,39.91999816894531
2026-03-31,SRLN,120650000,40.09999847412109
2026-04-01,SRLN,116900000,
2026-04-02,SRLN,116350000,
2026-04-03,SRLN,116350000,
2026-04-06,SRLN,116600000,
2026-04-07,SRLN,116600000,
2026-04-08,SRLN,116600000,
2026-04-09,SRLN,116600000,
2026-04-10,SRLN,117900000,
2026-04-13,SRLN,119300000,
2026-04-14,SRLN,119300000,
2026-04-15,SRLN,117500000,
2026-04-16,SRLN,117950000,
2026-04-17,SRLN,118700000,
2026-03-28,TIP,127200000,
2026-03-30,TIP,127200000,110.3499984741211
2026-03-31,TIP,126500000,110.45999908447266
2026-04-01,TIP,126000000,
2026-04-02,TIP,126200000,
2026-04-03,TIP,126400000,
2026-04-06,TIP,126400000,
2026-04-07,TIP,126400000,
2026-04-08,TIP,126400000,
2026-04-09,TIP,126400000,
2026-04-10,TIP,127200000,
2026-04-13,TIP,127400000,
2026-04-14,TIP,128400000,
2026-04-15,TIP,128600000,
2026-04-16,TIP,129300000,
2026-04-17,TIP,130500000,
2026-04-20,TIP,131000000,
2026-04-21,TIP,131000000,
2026-04-22,TIP,131600000,
2026-04-23,TIP,131600000,
2026-04-24,TIP,131600000,
2026-04-27,TIP,131500000,111.72000122070312
2026-04-28,TIP,131300000,
2026-04-29,TIP,132000000,111.54000091552734
2026-04-30,TIP,132300000,111.45500183105467
2026-05-01,TIP,132300000,
2026-05-04,TIP,134100000,111.19499969482422
2026-05-05,TIP,133600000,
2026-05-06,TIP,133900000,
2026-03-28,TLT,487300000,
2026-03-30,TLT,487300000,86.77999877929688
2026-03-31,TLT,491100000,86.95999908447266
2026-04-01,TLT,491700000,
2026-04-02,TLT,483300000,
2026-04-03,TLT,487300000,
2026-04-06,TLT,487300000,
2026-04-07,TLT,484700000,
2026-04-08,TLT,485500000,
2026-04-09,TLT,487300000,
2026-04-10,TLT,486300000,
2026-04-13,TLT,486200000,
2026-04-14,TLT,486100000,
2026-04-15,TLT,487000000,
2026-04-16,TLT,487300000,
2026-04-17,TLT,488700000,
2026-04-20,TLT,486900000,
2026-04-21,TLT,483100000,
2026-04-22,TLT,482500000,
2026-04-23,TLT,483000000,
2026-04-24,TLT,493000000,
2026-04-27,TLT,493300000,86.4749984741211
2026-04-28,TLT,491800000,
2026-04-29,TLT,493800000,85.86499786376953
2026-04-30,TLT,497600000,85.82499694824219
2026-05-01,TLT,501300000,
2026-05-04,TLT,497500000,85.23500061035156
2026-05-05,TLT,496400000,
2026-05-06,TLT,498200000,
2026-03-30,VEA,3207210257,62.02999877929688
2026-03-31,VEA,3207210257,63.540000915527344
2026-04-01,VEA,3207210257,
2026-04-02,VEA,3207210257,
2026-04-03,VEA,3207210257,
2026-04-06,VEA,3207214594,
2026-04-07,VEA,3207370647,
2026-04-08,VEA,3207388040,
2026-04-09,VEA,3207424165,
2026-04-10,VEA,3207538158,
2026-04-13,VEA,3207551767,
2026-04-14,VEA,3207554200,
2026-04-15,VEA,3207568697,
2026-04-16,VEA,3207576513,
2026-04-17,VEA,3207576513,
2026-04-20,VEA,3207603255,
2026-04-21,VEA,3222609963,
2026-04-22,VEA,3222620901,
2026-04-23,VEA,3222620901,
2026-04-24,VEA,3222632682,
2026-04-27,VEA,3222639880,68.31999969482422
2026-04-28,VEA,3222639880,
2026-04-29,VEA,3222663063,67.24500274658203
2026-04-30,VEA,3222679733,67.99500274658203
2026-05-01,VEA,3214185968,
2026-05-04,VEA,3214225039,68.58000183105469
2026-05-05,VEA,3214225039,
2026-05-06,VEA,3214232001,
2026-03-30,VOO,1358013061,580.9299926757812
2026-03-31,VOO,1358013061,595.0
2026-04-01,VOO,1358013061,
2026-04-02,VOO,1358013061,
2026-04-03,VOO,1358013061,
2026-04-06,VOO,1360788061,
2026-04-07,VOO,1371552694,
2026-04-08,VOO,1378075507,
2026-04-09,VOO,1380559208,
2026-04-10,VOO,1381516331,
2026-04-13,VOO,1384166109,
2026-04-14,VOO,1384166109,
2026-04-15,VOO,1385368503,
2026-04-16,VOO,1386050133,
2026-04-17,VOO,1385965650,
2026-04-20,VOO,1387779933,
2026-04-21,VOO,1391119745,
2026-04-22,VOO,1393551021,
2026-04-23,VOO,1396075917,
2026-04-24,VOO,1396370867,
2026-04-27,VOO,1397457553,655.5
2026-04-28,VOO,1397457553,
2026-04-29,VOO,1399058389,652.7000122070312
2026-04-30,VOO,1399820762,655.4400024414062
2026-05-01,VOO,1399820762,
2026-05-04,VOO,1404512496,662.52001953125
2026-05-05,VOO,1404512496,
2026-05-06,VOO,1406752541,
2026-03-30,VTI,1743790721,311.67999267578125
2026-03-31,VTI,1743790721,319.53009033203125
2026-04-01,VTI,1743790721,
2026-04-02,VTI,1743790721,
2026-04-03,VTI,1743790721,
2026-04-06,VTI,1743790721,
2026-04-07,VTI,1748769422,
2026-04-08,VTI,1749495619,
2026-04-09,VTI,1748734803,
2026-04-10,VTI,1751205744,
2026-04-13,VTI,1751350260,
2026-04-14,VTI,1751350260,
2026-04-15,VTI,1752235446,
2026-04-16,VTI,1753453604,
2026-04-17,VTI,1754111458,
2026-04-20,VTI,1754580225,
2026-04-21,VTI,1754743190,
2026-04-22,VTI,1755564444,
2026-04-23,VTI,1756705715,
2026-04-24,VTI,1757215479,
2026-04-27,VTI,1758110778,351.69500732421875
2026-04-28,VTI,1758110778,
2026-04-29,VTI,1759251128,349.5899963378906
2026-04-30,VTI,1759310347,351.1849975585937
2026-05-01,VTI,1760519818,
2026-05-04,VTI,1762581216,355.2099914550781
2026-05-05,VTI,1762581216,
2026-05-06,VTI,1763280653,
2026-03-30,VWO,2034081727,52.41999816894531
2026-03-31,VWO,2034081727,53.61989974975586
2026-04-01,VWO,2034081727,
2026-04-02,VWO,2034081727,
2026-04-03,VWO,2034083001,
2026-04-06,VWO,2034083001,
2026-04-07,VWO,2034239821,
2026-04-08,VWO,2034253898,
2026-04-09,VWO,2034344624,
2026-04-10,VWO,2034608451,
2026-04-13,VWO,2034631491,
2026-04-14,VWO,2034644016,
2026-04-15,VWO,2034692632,
2026-04-16,VWO,2034697796,
2026-04-17,VWO,2034697796,
2026-04-20,VWO,2034766664,
2026-04-21,VWO,2034766664,
2026-04-22,VWO,2034820615,
2026-04-23,VWO,2034842199,
2026-04-24,VWO,2034842199,
2026-04-27,VWO,2034862019,58.900001525878906
2026-04-28,VWO,2034862019,
2026-04-29,VWO,2034876643,58.1150016784668
2026-04-30,VWO,2034942300,58.28499984741211
2026-05-01,VWO,2034955823,
2026-05-04,VWO,2034969117,59.14500045776367
2026-05-05,VWO,2034969117,
2026-05-06,VWO,2037001985,
2026-03-28,XLB,130600000,
2026-03-30,XLB,127300000,49.09000015258789
2026-03-31,XLB,126450000,49.77000045776367
2026-04-01,XLB,130900000,
2026-04-02,XLB,131900000,
2026-04-03,XLB,131900000,
2026-04-06,XLB,132600000,
2026-04-07,XLB,132500000,
2026-04-08,XLB,133050000,
2026-04-09,XLB,134950000,
2026-04-10,XLB,138250000,
2026-04-13,XLB,140450000,
2026-04-14,XLB,140500000,
2026-04-15,XLB,140650000,
2026-04-16,XLB,142350000,
2026-04-17,XLB,146850000,
2026-03-28,XLC,215900000,
2026-03-30,XLC,217650000,107.95999908447266
2026-03-31,XLC,217650000,110.73500061035156
2026-04-01,XLC,217400000,
2026-04-02,XLC,216350000,
2026-04-03,XLC,216350000,
2026-04-06,XLC,216100000,
2026-04-07,XLC,216450000,
2026-04-08,XLC,216650000,
2026-04-09,XLC,216350000,
2026-04-10,XLC,216500000,
2026-04-13,XLC,216300000,
2026-04-14,XLC,216050000,
2026-04-15,XLC,217000000,
2026-04-16,XLC,217800000,
2026-04-17,XLC,218050000,
2026-03-28,XLE,692750000,
2026-03-30,XLE,700850000,61.959999084472656
2026-03-31,XLE,707150000,60.66999816894531
2026-04-01,XLE,711950000,
2026-04-02,XLE,714450000,
2026-04-03,XLE,714450000,
2026-04-06,XLE,708100000,
2026-04-07,XLE,692200000,
2026-04-08,XLE,696100000,
2026-04-09,XLE,700050000,
2026-04-10,XLE,687450000,
2026-04-13,XLE,686850000,
2026-04-14,XLE,678900000,
2026-04-15,XLE,682000000,
2026-04-16,XLE,697850000,
2026-04-17,XLE,698600000,
2026-03-28,XLF,986400000,
2026-03-30,XLF,981700000,48.36000061035156
2026-03-31,XLF,974800000,49.26499938964844
2026-04-01,XLF,967750000,
2026-04-02,XLF,976450000,
2026-04-03,XLF,976450000,
2026-04-06,XLF,983300000,
2026-04-07,XLF,984150000,
2026-04-08,XLF,980950000,
2026-04-09,XLF,983300000,
2026-04-10,XLF,985650000,
2026-04-13,XLF,988500000,
2026-04-14,XLF,981400000,
2026-04-15,XLF,989150000,
2026-04-16,XLF,976300000,
2026-04-17,XLF,978500000,
2026-03-28,XLI,172680000,
2026-03-30,XLI,173830000,156.61000061035156
2026-03-31,XLI,174730000,160.88999938964844
2026-04-01,XLI,175180000,
2026-04-02,XLI,173530000,
2026-04-03,XLI,173530000,
2026-04-06,XLI,173730000,
2026-04-07,XLI,172530000,
2026-04-08,XLI,173180000,
2026-04-09,XLI,173080000,
2026-04-10,XLI,176030000,
2026-04-13,XLI,177480000,
2026-04-14,XLI,176680000,
2026-04-15,XLI,177380000,
2026-04-16,XLI,175630000,
2026-04-17,XLI,176130000,
2026-03-28,XLK,632460000,
2026-03-30,XLK,632260000,127.5
2026-03-31,XLK,632410000,132.08999633789062
2026-04-01,XLK,633260000,
2026-04-02,XLK,633560000,
2026-04-03,XLK,633560000,
2026-04-06,XLK,634310000,
2026-04-07,XLK,635610000,
2026-04-08,XLK,636360000,
2026-04-09,XLK,637310000,
2026-04-10,XLK,638910000,
2026-04-13,XLK,640010000,
2026-04-14,XLK,638810000,
2026-04-15,XLK,638910000,
2026-04-16,XLK,639010000,
2026-04-17,XLK,638810000,
2026-03-28,XLP,190520000,
2026-03-30,XLP,189470000,81.87999725341797
2026-03-31,XLP,188920000,81.47509765625
2026-04-01,XLP,188870000,
2026-04-02,XLP,188720000,
2026-04-03,XLP,188720000,
2026-04-06,XLP,186420000,
2026-04-07,XLP,176870000,
2026-04-08,XLP,176820000,
2026-04-09,XLP,174870000,
2026-04-10,XLP,174970000,
2026-04-13,XLP,174320000,
2026-04-14,XLP,173870000,
2026-04-15,XLP,174720000,
2026-04-16,XLP,176670000,
2026-04-17,XLP,177120000,
2026-03-28,XLRE,176250000,
2026-03-30,XLRE,179700000,40.209999084472656
2026-03-31,XLRE,179300000,40.70500183105469
2026-04-01,XLRE,178900000,
2026-04-02,XLRE,181150000,
2026-04-03,XLRE,181150000,
2026-04-06,XLRE,179950000,
2026-04-07,XLRE,179950000,
2026-04-08,XLRE,180050000,
2026-04-09,XLRE,180250000,
2026-04-10,XLRE,180200000,
2026-04-13,XLRE,178800000,
2026-04-14,XLRE,179100000,
2026-04-15,XLRE,179250000,
2026-04-16,XLRE,179250000,
2026-04-17,XLRE,179250000,
2026-03-28,XLU,530450000,
2026-03-30,XLU,529549999,45.91999816894531
2026-03-31,XLU,528950000,45.470001220703125
2026-04-01,XLU,532200000,
2026-04-02,XLU,528500000,
2026-04-03,XLU,528500000,
2026-04-06,XLU,530000000,
2026-04-07,XLU,531500000,
2026-04-08,XLU,535250000,
2026-04-09,XLU,536850000,
2026-04-10,XLU,537900000,
2026-04-13,XLU,542100000,
2026-04-14,XLU,542300000,
2026-04-15,XLU,541800000,
2026-04-16,XLU,540750000,
2026-04-17,XLU,538900000,
2026-03-28,XLV,265370000,
2026-03-30,XLV,263570000,143.82000732421875
2026-03-31,XLV,263670000,145.90499877929688
2026-04-01,XLV,263320000,
2026-04-02,XLV,264470000,
2026-04-03,XLV,264470000,
2026-04-06,XLV,263570000,
2026-04-07,XLV,263370000,
2026-04-08,XLV,262920000,
2026-04-09,XLV,261970000,
2026-04-10,XLV,261120000,
2026-04-13,XLV,261620000,
2026-04-14,XLV,261470000,
2026-04-15,XLV,261620000,
2026-04-16,XLV,265269999,
2026-04-17,XLV,262769999,
2026-03-28,XLY,198660000,
2026-03-30,XLY,197460000,105.66000366210938
2026-03-31,XLY,197260000,108.74500274658205
2026-04-01,XLY,196810000,
2026-04-02,XLY,194660000,
2026-04-03,XLY,194660000,
2026-04-06,XLY,192110000,
2026-04-07,XLY,191810000,
2026-04-08,XLY,192360000,
2026-04-09,XLY,192510000,
2026-04-10,XLY,194410000,
2026-04-13,XLY,194610000,
2026-04-14,XLY,194060000,
2026-04-15,XLY,193710000,
2026-04-16,XLY,193610000,
2026-04-17,XLY,193460000,
